customer_id,recency_days,frequency,monetary,cluster,segment
12346,325.0,12,77556.46,0,Champions
12347,2.0,8,4921.53,4,Loyal
12348,75.0,5,2019.3999999999999,4,Loyal
12349,18.0,4,4428.69,4,Loyal
12350,310.0,1,334.4,1,Lost
12351,375.0,1,300.93,1,Lost
12352,36.0,10,2849.84,4,Loyal
12353,204.0,2,406.76,2,New
12354,232.0,1,1079.4,2,New
12355,214.0,2,947.61,2,New
12356,22.0,6,6371.73,4,Loyal
12357,33.0,3,18287.66,4,Loyal
12358,1.0,5,3887.07,4,Loyal
12359,57.0,10,8873.390000000001,0,Champions
12360,52.0,8,4252.89,4,Loyal
12361,287.0,4,511.25,3,At Risk
12362,3.0,11,5356.2300000000005,0,Champions
12363,109.0,2,552.0,2,New
12364,7.0,4,1313.1,4,Loyal
12365,291.0,2,641.38,3,At Risk
12366,633.0,1,500.24,1,Lost
12367,4.0,1,168.9,2,New
12368,628.0,1,917.6999999999999,1,Lost
12369,413.0,3,1791.15,3,At Risk
12370,51.0,7,4316.5599999999995,4,Loyal
12371,44.0,5,4067.38,4,Loyal
12372,71.0,3,1298.04,4,Loyal
12373,311.0,3,1127.65,3,At Risk
12374,25.0,4,2989.2200000000003,4,Loyal
12375,10.0,2,457.5,2,New
12376,389.0,2,503.15,3,At Risk
12377,315.0,4,3426.32,3,At Risk
12378,129.0,2,5416.32,4,Loyal
12379,81.0,4,1620.22,4,Loyal
12380,21.0,11,9676.300000000001,0,Champions
12381,4.0,5,1845.31,4,Loyal
12383,184.0,5,1850.56,4,Loyal
12384,28.0,2,585.27,2,New
12385,379.0,1,1938.4,3,At Risk
12386,337.0,2,401.9,3,At Risk
12387,415.0,1,143.94,1,Lost
12388,15.0,8,3901.11,4,Loyal
12389,402.0,3,1433.33,3,At Risk
12390,79.0,1,549.84,2,New
12391,21.0,6,2724.84,4,Loyal
12392,591.0,1,234.75000000000003,1,Lost
12393,72.0,6,2399.45,4,Loyal
12394,63.0,2,1272.48,2,New
12395,19.0,15,4721.17,0,Champions
12396,674.0,1,931.43,1,Lost
12397,35.0,2,2409.8999999999996,4,Loyal
12398,45.0,1,1635.66,2,New
12399,119.0,7,1962.3000000000002,4,Loyal
12400,414.0,1,205.25,1,Lost
12401,303.0,1,84.3,1,Lost
12402,323.0,6,1256.8999999999999,3,At Risk
12403,49.0,2,1019.3600000000001,2,New
12404,682.0,1,63.24,1,Lost
12405,148.0,1,1710.39,2,New
12406,22.0,5,6390.360000000001,4,Loyal
12407,49.0,5,1708.12,4,Loyal
12408,32.0,8,4340.7699999999995,4,Loyal
12409,78.0,7,23419.29,0,Champions
12410,308.0,3,1013.71,3,At Risk
12411,409.0,1,346.9,1,Lost
12412,74.0,6,2596.93,4,Loyal
12413,66.0,4,999.45,4,Loyal
12414,217.0,6,952.41,4,Loyal
12415,24.0,28,144458.37,0,Champions
12416,656.0,1,202.56,1,Lost
12417,3.0,20,6797.41,0,Champions
12418,112.0,4,2021.2,4,Loyal
12419,385.0,2,503.01,3,At Risk
12420,63.0,1,600.39,2,New
12421,15.0,6,1098.6,4,Loyal
12422,95.0,17,5231.8,0,Champions
12423,0.0,10,2622.39,4,Loyal
12424,162.0,4,3340.0299999999997,4,Loyal
12425,78.0,2,1741.41,4,Loyal
12426,194.0,2,1345.21,3,At Risk
12427,21.0,3,825.8,2,New
12428,25.0,9,7956.46,0,Champions
12429,9.0,8,6204.41,4,Loyal
12430,43.0,1,256.4,2,New
12431,35.0,27,10432.22,0,Champions
12432,42.0,5,5059.32,4,Loyal
12433,0.0,10,16794.14,0,Champions
12434,84.0,3,1103.43,4,Loyal
12435,79.0,6,13925.93,0,Champions
12436,99.0,1,509.01000000000005,2,New
12437,1.0,39,12683.4,0,Champions
12438,14.0,2,2906.85,4,Loyal
12439,682.0,2,1142.88,3,At Risk
12440,462.0,2,859.2,3,At Risk
12441,366.0,1,173.55,1,Lost
12442,3.0,1,172.06,2,New
12443,732.0,1,485.31,1,Lost
12444,21.0,5,5005.46,4,Loyal
12445,22.0,2,434.98,2,New
12446,57.0,1,1002.3100000000001,2,New
12447,243.0,1,476.49,2,New
12448,44.0,1,449.45,2,New
12449,22.0,6,4835.89,4,Loyal
12450,156.0,5,688.2,4,Loyal
12451,10.0,8,12669.88,0,Champions
12452,16.0,2,430.57,2,New
12453,134.0,1,707.09,2,New
12454,56.0,5,16679.78,4,Loyal
12455,73.0,10,5879.95,0,Champions
12456,44.0,3,3181.04,4,Loyal
12457,66.0,8,2995.91,4,Loyal
12458,71.0,4,1777.49,4,Loyal
12459,605.0,1,454.36,1,Lost
12460,456.0,1,326.65,1,Lost
12461,94.0,2,826.88,2,New
12462,18.0,2,1189.59,2,New
12463,53.0,4,1344.78,4,Loyal
12464,10.0,8,1212.05,4,Loyal
12465,17.0,2,742.19,2,New
12466,682.0,1,56.73,1,Lost
12467,423.0,1,132.8,1,Lost
12468,187.0,5,3670.74,4,Loyal
12469,522.0,2,3070.54,3,At Risk
12470,689.0,1,211.95,1,Lost
12471,2.0,79,39918.19,0,Champions
12472,32.0,19,16249.29,0,Champions
12473,29.0,5,3928.0499999999997,4,Loyal
12474,17.0,31,12372.75,0,Champions
12475,53.0,2,1149.6399999999999,2,New
12476,15.0,23,14083.91,0,Champions
12477,22.0,9,20276.37,0,Champions
12478,3.0,1,680.99,2,New
12479,11.0,1,527.2,2,New
12480,28.0,7,5464.85,4,Loyal
12481,22.0,15,12185.51,0,Champions
12482,576.0,29,23691.4,0,Champions
12483,17.0,19,5097.18,0,Champions
12484,32.0,12,6354.1,0,Champions
12485,529.0,1,708.1,1,Lost
12486,431.0,1,1037.28,3,At Risk
12487,730.0,1,285.29999999999995,1,Lost
12488,9.0,3,1298.66,4,Loyal
12489,336.0,1,334.93,1,Lost
12490,5.0,21,9823.64,0,Champions
12491,38.0,1,460.40000000000003,2,New
12492,63.0,3,715.21,2,New
12493,165.0,2,433.74,2,New
12494,15.0,9,1815.27,4,Loyal
12495,640.0,1,357.4,1,Lost
12496,620.0,2,45.34,1,Lost
12497,81.0,3,6248.5,4,Loyal
12498,21.0,3,403.70000000000005,2,New
12499,560.0,1,393.72,1,Lost
12500,23.0,19,5955.21,0,Champions
12501,336.0,1,2169.39,3,At Risk
12502,95.0,5,3723.87,4,Loyal
12503,584.0,1,1126.0,3,At Risk
12504,18.0,4,779.05,4,Loyal
12505,408.0,1,955.2,3,At Risk
12506,232.0,1,73.5,2,New
12507,134.0,4,1844.06,4,Loyal
12508,26.0,2,397.88,2,New
12509,284.0,1,176.5,2,New
12510,142.0,9,5178.02,4,Loyal
12511,428.0,1,3084.02,3,At Risk
12512,66.0,2,132.18,2,New
12513,112.0,1,612.29,2,New
12514,267.0,2,1597.76,3,At Risk
12515,353.0,1,383.7,1,Lost
12516,77.0,4,2648.62,4,Loyal
12517,28.0,5,2481.6,4,Loyal
12518,0.0,5,2056.89,4,Loyal
12519,63.0,2,716.54,2,New
12520,79.0,5,2634.2599999999998,4,Loyal
12521,142.0,1,599.68,2,New
12522,39.0,2,192.72,2,New
12523,19.0,23,4352.35,0,Champions
12524,9.0,17,11126.11,0,Champions
12525,498.0,3,973.73,3,At Risk
12526,0.0,3,1316.6599999999999,4,Loyal
12527,81.0,5,735.51,4,Loyal
12528,9.0,6,1933.48,4,Loyal
12529,528.0,1,316.48,1,Lost
12530,59.0,9,3759.26,4,Loyal
12531,14.0,2,1933.2,4,Loyal
12532,30.0,1,349.83000000000004,2,New
12533,627.0,2,1367.8899999999999,3,At Risk
12534,130.0,1,1089.18,2,New
12535,91.0,2,716.3499999999999,2,New
12536,43.0,3,12601.830000000002,4,Loyal
12537,408.0,1,732.94,3,At Risk
12538,29.0,2,640.45,2,New
12539,22.0,7,11214.75,0,Champions
12540,19.0,33,22254.49,0,Champions
12541,29.0,3,981.1800000000001,4,Loyal
12542,484.0,2,481.88,3,At Risk
12543,448.0,1,980.25,3,At Risk
12544,36.0,1,372.7,2,New
12545,75.0,2,1000.39,2,New
12546,46.0,2,1161.5,2,New
12547,197.0,3,383.58,2,New
12548,166.0,1,95.19999999999999,2,New
12549,575.0,6,1575.68,3,At Risk
12550,79.0,1,964.83,2,New
12551,357.0,1,168.0,1,Lost
12552,38.0,2,437.82,2,New
12553,8.0,12,4608.75,0,Champions
12554,448.0,1,468.5,1,Lost
12555,682.0,1,129.23,1,Lost
12556,50.0,2,599.56,2,New
12557,16.0,8,18096.14,0,Champions
12558,7.0,1,269.96,2,New
12559,310.0,2,561.71,3,At Risk
12560,5.0,3,2134.01,4,Loyal
12561,302.0,1,238.85,1,Lost
12562,8.0,9,4966.92,4,Loyal
12563,408.0,1,249.23999999999998,1,Lost
12564,261.0,1,456.9,2,New
12565,288.0,1,145.92,1,Lost
12566,86.0,1,351.65,2,New
12567,22.0,15,11767.48,0,Champions
12568,644.0,1,70.0,1,Lost
12569,2.0,32,4124.69,0,Champions
12570,682.0,1,77.52,1,Lost
12571,39.0,2,519.61,2,New
12572,8.0,2,1020.4200000000001,2,New
12573,227.0,5,717.41,3,At Risk
12574,315.0,1,218.45000000000002,1,Lost
12575,457.0,2,622.8199999999999,3,At Risk
12576,35.0,8,2142.72,4,Loyal
12577,35.0,8,1617.1,4,Loyal
12578,21.0,4,4642.45,4,Loyal
12579,78.0,1,440.42,2,New
12580,246.0,2,1052.8999999999999,3,At Risk
12581,39.0,1,197.71,2,New
12582,238.0,4,1980.4,4,Loyal
12583,2.0,27,13591.58,0,Champions
12584,3.0,9,2338.15,4,Loyal
12585,234.0,2,2040.1,3,At Risk
12586,17.0,4,2062.67,4,Loyal
12587,7.0,1,144.0,2,New
12588,39.0,4,958.78,4,Loyal
12589,28.0,8,4695.66,4,Loyal
12590,211.0,2,9864.26,4,Loyal
12591,317.0,3,1338.95,3,At Risk
12592,92.0,5,2582.66,4,Loyal
12593,108.0,3,418.1,2,New
12594,37.0,15,5090.110000000001,0,Champions
12595,504.0,1,299.02,1,Lost
12596,51.0,2,618.27,2,New
12597,19.0,4,3811.22,4,Loyal
12598,9.0,11,4534.09,0,Champions
12599,29.0,13,2296.7200000000003,4,Loyal
12600,28.0,21,4967.42,0,Champions
12601,189.0,6,681.26,4,Loyal
12602,58.0,1,153.12,2,New
12603,21.0,1,739.1999999999999,2,New
12604,79.0,2,254.18,2,New
12605,376.0,4,1232.95,3,At Risk
12606,682.0,1,21.0,1,Lost
12607,60.0,1,1579.51,2,New
12608,404.0,1,415.79,1,Lost
12609,78.0,9,3435.86,4,Loyal
12610,22.0,5,2099.54,4,Loyal
12611,52.0,1,1193.32,2,New
12612,74.0,1,704.0400000000001,2,New
12613,57.0,10,6817.37,0,Champions
12614,277.0,1,315.6,2,New
12615,2.0,8,5740.9800000000005,4,Loyal
12616,95.0,3,1131.1,4,Loyal
12617,29.0,1,352.98,2,New
12618,21.0,1,177.31,2,New
12619,16.0,10,3781.38,4,Loyal
12620,14.0,3,1339.4099999999999,4,Loyal
12621,1.0,35,24311.2,0,Champions
12622,232.0,1,180.1,2,New
12623,276.0,7,3747.84,4,Loyal
12624,106.0,2,641.13,2,New
12625,211.0,4,5164.88,4,Loyal
12626,23.0,9,6620.48,0,Champions
12627,10.0,7,4478.53,4,Loyal
12628,4.0,3,786.46,2,New
12629,385.0,2,1558.22,3,At Risk
12630,9.0,2,1270.88,2,New
12631,57.0,6,3481.57,4,Loyal
12632,520.0,2,804.88,3,At Risk
12633,58.0,7,5678.16,4,Loyal
12634,535.0,2,490.0,1,Lost
12635,89.0,4,2930.41,4,Loyal
12636,738.0,1,141.0,1,Lost
12637,67.0,12,8283.81,0,Champions
12638,33.0,2,921.49,2,New
12639,238.0,3,1312.3700000000001,3,At Risk
12640,23.0,3,1174.5800000000002,4,Loyal
12641,115.0,1,185.9,2,New
12642,25.0,3,1013.26,4,Loyal
12643,128.0,12,8304.82,0,Champions
12644,129.0,4,1918.4900000000002,4,Loyal
12645,33.0,8,3539.3,4,Loyal
12646,4.0,2,1346.9699999999998,2,New
12647,22.0,36,16955.55,0,Champions
12648,154.0,4,1112.0,4,Loyal
12649,107.0,8,2294.65,4,Loyal
12650,3.0,1,314.44,2,New
12651,334.0,4,377.75,3,At Risk
12652,331.0,2,1017.03,3,At Risk
12653,148.0,3,4160.83,4,Loyal
12654,10.0,5,601.98,4,Loyal
12655,423.0,1,261.35,1,Lost
12656,17.0,8,6407.83,4,Loyal
12657,11.0,4,1643.18,4,Loyal
12658,18.0,1,686.05,2,New
12659,29.0,1,91.68,2,New
12660,11.0,1,245.1,2,New
12661,436.0,1,162.0,1,Lost
12662,0.0,20,6726.54,0,Champions
12663,624.0,2,239.4,1,Lost
12664,8.0,11,6070.04,0,Champions
12665,324.0,3,313.6,3,At Risk
12666,394.0,1,1248.42,3,At Risk
12667,58.0,1,620.13,2,New
12668,11.0,10,11383.03,0,Champions
12669,150.0,3,2744.0299999999997,4,Loyal
12670,10.0,7,3760.29,4,Loyal
12671,606.0,1,2622.481,3,At Risk
12672,329.0,2,437.05,3,At Risk
12673,5.0,3,1230.02,4,Loyal
12674,38.0,4,1970.6,4,Loyal
12675,553.0,2,957.25,3,At Risk
12676,24.0,11,2843.09,4,Loyal
12677,555.0,2,395.1,1,Lost
12678,42.0,21,34281.18,0,Champions
12679,58.0,4,1113.02,4,Loyal
12680,0.0,4,880.81,4,Loyal
12681,14.0,45,29834.76,0,Champions
12682,3.0,52,22950.22,0,Champions
12683,4.0,21,11633.7,0,Champions
12684,7.0,7,2283.63,4,Loyal
12685,28.0,6,2863.08,4,Loyal
12686,371.0,1,89.14,1,Lost
12687,480.0,2,2138.91,3,At Risk
12688,113.0,1,4873.81,4,Loyal
12689,25.0,2,1247.6100000000001,2,New
12690,205.0,1,389.01,2,New
12691,28.0,7,1170.4,4,Loyal
12692,637.0,1,110.95,1,Lost
12693,127.0,7,1703.02,4,Loyal
12694,70.0,3,1843.35,4,Loyal
12695,7.0,7,1407.1200000000001,4,Loyal
12696,434.0,2,851.91,3,At Risk
12697,28.0,3,957.5899999999999,4,Loyal
12698,590.0,1,339.75,1,Lost
12699,417.0,1,638.11,3,At Risk
12700,7.0,4,4939.99,4,Loyal
12701,79.0,6,2446.41,4,Loyal
12702,19.0,1,219.0,2,New
12703,71.0,4,1006.53,4,Loyal
12704,7.0,8,2340.84,4,Loyal
12705,15.0,14,11762.1,0,Champions
12707,291.0,1,603.42,3,At Risk
12708,29.0,18,5117.66,0,Champions
12709,15.0,34,30291.76,0,Champions
12710,96.0,3,1149.02,4,Loyal
12711,611.0,2,1339.05,3,At Risk
12712,28.0,21,6723.03,0,Champions
12713,0.0,1,848.55,2,New
12714,9.0,12,14093.710000000001,0,Champions
12715,106.0,1,343.36,2,New
12716,3.0,2,1053.49,2,New
12717,151.0,3,1308.91,4,Loyal
12718,71.0,1,238.25,2,New
12719,5.0,2,644.95,2,New
12720,2.0,30,7787.28,0,Champions
12721,31.0,8,4013.08,4,Loyal
12722,85.0,4,997.6300000000001,4,Loyal
12723,3.0,5,725.0699999999999,4,Loyal
12724,5.0,7,2317.52,4,Loyal
12725,371.0,4,2266.7599999999998,3,At Risk
12726,28.0,11,4014.6,0,Champions
12727,10.0,10,5679.530000000001,0,Champions
12728,71.0,5,1070.17,4,Loyal
12729,113.0,1,453.01,2,New
12730,521.0,1,829.25,1,Lost
12731,23.0,17,25775.71,0,Champions
12732,179.0,1,236.26000000000002,2,New
12733,234.0,4,2424.87,4,Loyal
12734,352.0,3,639.65,3,At Risk
12735,315.0,2,779.5699999999999,3,At Risk
12736,332.0,1,234.0,1,Lost
12737,498.0,2,3710.5,3,At Risk
12738,372.0,1,155.35,1,Lost
12739,78.0,4,2726.73,4,Loyal
12740,63.0,1,427.6,2,New
12741,529.0,2,406.07000000000005,1,Lost
12742,625.0,1,1201.52,3,At Risk
12743,134.0,2,540.13,2,New
12744,51.0,11,25317.06,0,Champions
12745,486.0,3,925.4100000000001,3,At Risk
12746,540.0,1,254.55,1,Lost
12747,2.0,26,8898.48,0,Champions
12748,0.0,336,53539.64,0,Champions
12749,3.0,9,6897.36,0,Champions
12750,128.0,1,275.88,2,New
12751,444.0,1,268.27,1,Lost
12752,81.0,1,4366.78,4,Loyal
12753,22.0,6,21429.39,0,Champions
12754,235.0,3,3010.74,4,Loyal
12755,280.0,11,5236.259999999999,0,Champions
12756,86.0,1,112.08,2,New
12757,15.0,13,7834.650000000001,0,Champions
12758,116.0,7,9903.24,0,Champions
12759,52.0,8,5020.74,4,Loyal
12760,455.0,1,347.8,1,Lost
12761,457.0,2,782.95,3,At Risk
12762,7.0,2,1898.52,4,Loyal
12763,138.0,2,494.08,2,New
12764,316.0,1,1693.88,3,At Risk
12765,472.0,6,1404.58,3,At Risk
12766,3.0,9,8918.99,0,Champions
12767,375.0,1,949.82,3,At Risk
12768,450.0,1,168.69000000000003,1,Lost
12769,238.0,1,1143.6,2,New
12770,210.0,2,3246.45,3,At Risk
12771,485.0,1,282.3,1,Lost
12772,59.0,1,892.47,2,New
12773,564.0,1,124.25,1,Lost
12774,535.0,1,98.7,1,Lost
12775,17.0,7,1686.1200000000001,4,Loyal
12776,667.0,1,55.5,1,Lost
12777,457.0,1,519.45,1,Lost
12778,19.0,9,1775.68,4,Loyal
12779,37.0,14,6474.11,0,Champions
12780,598.0,1,337.4,1,Lost
12781,63.0,2,826.74,2,New
12782,4.0,11,4618.240000000001,0,Champions
12783,2.0,6,2225.91,4,Loyal
12784,9.0,3,1763.1499999999999,4,Loyal
12785,364.0,3,1100.4,3,At Risk
12786,609.0,1,728.5,1,Lost
12787,9.0,4,862.18,4,Loyal
12788,463.0,4,444.9,3,At Risk
12789,65.0,3,273.35,2,New
12790,192.0,2,591.85,2,New
12791,373.0,6,863.51,3,At Risk
12792,256.0,2,827.01,3,At Risk
12793,334.0,3,885.53,3,At Risk
12794,53.0,2,860.41,2,New
12795,18.0,1,430.48,2,New
12796,628.0,1,381.0,1,Lost
12797,365.0,2,552.08,3,At Risk
12798,10.0,4,8510.93,4,Loyal
12799,529.0,1,219.35,1,Lost
12800,470.0,3,584.25,3,At Risk
12801,500.0,1,1071.82,3,At Risk
12802,186.0,7,2416.42,4,Loyal
12803,393.0,1,1092.81,3,At Risk
12804,465.0,2,325.37,1,Lost
12805,381.0,4,1434.95,3,At Risk
12806,435.0,4,2878.96,3,At Risk
12807,383.0,1,330.34999999999997,1,Lost
12808,36.0,5,776.7,4,Loyal
12809,177.0,3,1755.94,4,Loyal
12810,534.0,2,534.99,1,Lost
12811,260.0,5,1033.9,3,At Risk
12812,44.0,1,229.64000000000001,2,New
12813,501.0,3,1687.8,3,At Risk
12814,101.0,1,125.92,2,New
12815,147.0,2,1063.46,2,New
12816,95.0,2,572.2,2,New
12817,281.0,3,690.98,3,At Risk
12818,261.0,1,1542.0800000000002,3,At Risk
12819,458.0,1,540.52,1,Lost
12820,3.0,11,2689.52,4,Loyal
12821,214.0,2,220.79999999999998,2,New
12822,70.0,2,948.88,2,New
12823,74.0,18,6501.5,0,Champions
12824,59.0,1,397.12,2,New
12825,521.0,2,518.63,1,Lost
12826,2.0,12,2800.75,4,Loyal
12827,5.0,3,430.15,2,New
12828,2.0,6,1018.71,4,Loyal
12829,336.0,3,385.3,3,At Risk
12830,37.0,6,6814.64,4,Loyal
12831,262.0,3,451.10999999999996,3,At Risk
12832,32.0,2,383.03000000000003,2,New
12833,145.0,1,417.38,2,New
12834,282.0,1,312.38,2,New
12835,427.0,41,5996.83,0,Champions
12836,59.0,15,6559.7300000000005,0,Champions
12837,173.0,2,662.6600000000001,2,New
12838,33.0,10,2975.91,4,Loyal
12839,2.0,26,9669.12,0,Champions
12840,143.0,7,4041.97,4,Loyal
12841,4.0,40,6958.2,0,Champions
12842,70.0,4,1917.99,4,Loyal
12843,65.0,30,6583.36,0,Champions
12844,29.0,4,648.6,4,Loyal
12845,267.0,4,354.09,3,At Risk
12846,682.0,1,15.58,1,Lost
12847,22.0,2,1609.0,4,Loyal
12848,675.0,1,208.0,1,Lost
12849,31.0,6,3042.47,4,Loyal
12850,445.0,1,330.0,1,Lost
12851,96.0,2,280.76,2,New
12852,294.0,1,311.55,2,New
12853,134.0,11,3907.5,4,Loyal
12854,78.0,7,2970.9700000000003,4,Loyal
12855,372.0,4,612.84,3,At Risk
12856,7.0,6,2170.78,4,Loyal
12857,210.0,6,3688.0,4,Loyal
12858,383.0,1,147.27,1,Lost
12859,458.0,1,575.1,1,Lost
12860,693.0,1,54.22,1,Lost
12861,619.0,1,68.25,1,Lost
12862,425.0,2,984.62,3,At Risk
12863,52.0,6,2792.55,4,Loyal
12864,138.0,2,299.57,2,New
12865,26.0,4,3323.4700000000003,4,Loyal
12866,283.0,3,1227.35,3,At Risk
12867,26.0,13,7829.26,0,Champions
12868,185.0,8,2043.7600000000002,4,Loyal
12869,681.0,1,337.67,1,Lost
12870,375.0,3,1676.95,3,At Risk
12871,84.0,3,744.02,2,New
12872,326.0,12,3283.96,4,Loyal
12873,282.0,3,2027.3000000000002,3,At Risk
12874,385.0,2,948.42,3,At Risk
12875,143.0,5,1356.99,4,Loyal
12876,57.0,4,4081.79,4,Loyal
12877,3.0,20,2942.1400000000003,0,Champions
12878,236.0,2,854.99,3,At Risk
12879,44.0,3,573.22,2,New
12880,381.0,2,640.13,3,At Risk
12881,275.0,1,298.0,2,New
12882,9.0,2,1463.04,4,Loyal
12883,24.0,4,703.47,4,Loyal
12884,88.0,1,309.05,2,New
12885,63.0,3,1175.22,4,Loyal
12886,67.0,2,1378.4,2,New
12887,383.0,1,222.4,1,Lost
12888,214.0,2,354.12,2,New
12889,381.0,4,385.46000000000004,3,At Risk
12890,24.0,2,706.02,2,New
12891,185.0,11,840.5,4,Loyal
12892,396.0,1,263.38,1,Lost
12893,30.0,1,176.55,2,New
12894,575.0,1,157.35,1,Lost
12895,42.0,2,372.8,2,New
12897,204.0,4,514.25,2,New
12898,463.0,2,296.21000000000004,1,Lost
12899,413.0,1,366.4,1,Lost
12900,422.0,1,340.33,1,Lost
12901,8.0,28,17654.54,0,Champions
12902,264.0,1,138.68,2,New
12903,428.0,1,833.53,3,At Risk
12904,18.0,2,496.06,2,New
12905,576.0,2,1018.42,3,At Risk
12906,11.0,5,2919.81,4,Loyal
12907,395.0,2,508.90999999999997,3,At Risk
12908,176.0,5,1776.0,4,Loyal
12909,39.0,8,3103.19,4,Loyal
12910,23.0,13,5796.5199999999995,0,Champions
12911,551.0,1,1651.72,3,At Risk
12912,2.0,5,1662.3,4,Loyal
12913,4.0,13,6283.24,0,Champions
12914,400.0,1,223.98,1,Lost
12915,148.0,4,975.1,4,Loyal
12916,138.0,7,4479.73,4,Loyal
12917,128.0,6,4359.2,4,Loyal
12918,626.0,1,10953.5,3,At Risk
12919,8.0,6,1335.19,4,Loyal
12920,17.0,4,486.64,2,New
12921,9.0,74,35233.24,0,Champions
12922,161.0,1,405.38,2,New
12923,64.0,3,770.42,2,New
12924,88.0,12,2469.4,4,Loyal
12925,4.0,3,729.33,2,New
12926,411.0,4,1523.97,3,At Risk
12927,394.0,1,197.31,1,Lost
12928,35.0,12,4304.89,0,Champions
12929,311.0,1,117.85,1,Lost
12930,78.0,2,415.8,2,New
12931,21.0,57,92347.34,0,Champions
12932,539.0,8,1698.56,3,At Risk
12933,24.0,8,1636.6299999999999,4,Loyal
12934,736.0,1,181.65,1,Lost
12935,2.0,15,4243.86,0,Champions
12936,17.0,4,1063.9,4,Loyal
12937,15.0,9,3097.61,4,Loyal
12938,25.0,1,114.14,2,New
12939,64.0,20,25264.8,0,Champions
12940,54.0,2,899.6899999999999,2,New
12941,724.0,1,377.49,1,Lost
12942,131.0,3,675.6,2,New
12943,558.0,2,496.5,1,Lost
12944,35.0,2,604.51,2,New
12945,288.0,2,900.11,3,At Risk
12946,436.0,1,324.45,1,Lost
12947,143.0,6,1603.99,4,Loyal
12948,16.0,9,2317.4300000000003,4,Loyal
12949,30.0,22,15526.7,0,Champions
12950,2.0,3,1843.0,4,Loyal
12951,8.0,15,3213.7200000000003,0,Champions
12952,5.0,4,1387.79,4,Loyal
12953,9.0,2,828.8100000000001,2,New
12954,638.0,1,162.45,1,Lost
12955,1.0,11,4757.16,0,Champions
12956,306.0,4,521.89,3,At Risk
12957,9.0,13,8706.97,0,Champions
12958,400.0,2,467.34,3,At Risk
12959,484.0,1,150.95,1,Lost
12960,413.0,4,1322.0700000000002,3,At Risk
12961,379.0,1,211.99,1,Lost
12962,7.0,2,266.39,2,New
12963,8.0,12,3235.79,0,Champions
12964,437.0,1,132.24,1,Lost
12965,89.0,1,769.8100000000001,2,New
12966,9.0,1,160.18,2,New
12967,358.0,3,2938.5200000000004,3,At Risk
12968,112.0,1,135.95,2,New
12969,602.0,1,122.45,1,Lost
12970,7.0,10,1453.6,4,Loyal
12971,3.0,116,15704.6,0,Champions
12972,413.0,4,1161.2,3,At Risk
12973,413.0,1,385.55,1,Lost
12974,197.0,2,408.95,2,New
12975,436.0,6,2100.09,3,At Risk
12976,211.0,8,3156.38,4,Loyal
12977,156.0,4,513.88,2,New
12978,385.0,5,2502.82,3,At Risk
12979,729.0,1,517.7,1,Lost
12980,157.0,21,16245.78,0,Champions
12981,29.0,2,372.22,2,New
12982,242.0,8,2744.81,4,Loyal
12983,598.0,1,490.08,1,Lost
12984,18.0,1,97.5,2,New
12985,0.0,2,1239.38,2,New
12986,428.0,10,2729.84,3,At Risk
12987,73.0,5,1312.21,4,Loyal
12988,292.0,1,505.82,2,New
12989,3.0,33,13551.75,0,Champions
12990,31.0,7,955.5,4,Loyal
12991,23.0,3,764.8199999999999,2,New
12992,725.0,1,93.35000000000001,1,Lost
12993,23.0,8,1259.6299999999999,4,Loyal
12994,4.0,3,974.4200000000001,4,Loyal
12995,85.0,1,211.32,2,New
12996,375.0,1,355.5,1,Lost
12997,22.0,8,2110.9100000000003,4,Loyal
12998,492.0,3,920.08,3,At Risk
12999,196.0,3,455.88,2,New
13000,106.0,4,1032.5,4,Loyal
13001,4.0,33,24042.65,0,Champions
13002,318.0,3,414.13,3,At Risk
13003,105.0,3,149.05,2,New
13004,11.0,36,11650.85,0,Champions
13005,173.0,4,999.68,4,Loyal
13006,56.0,1,81.57,2,New
13007,579.0,1,175.25,1,Lost
13008,323.0,3,612.13,3,At Risk
13009,672.0,1,234.0,1,Lost
13010,374.0,2,330.12,1,Lost
13011,372.0,1,50.550000000000004,1,Lost
13012,9.0,11,2957.83,4,Loyal
13013,1.0,29,11097.43,0,Champions
13014,10.0,11,5381.08,0,Champions
13015,53.0,11,6579.78,0,Champions
13016,73.0,3,789.89,2,New
13017,7.0,1,204.0,2,New
13018,16.0,35,9763.16,0,Champions
13019,379.0,6,1229.95,3,At Risk
13020,562.0,2,618.96,3,At Risk
13021,4.0,17,4887.24,0,Champions
13022,429.0,1,65.3,1,Lost
13023,64.0,3,1449.03,4,Loyal
13024,470.0,2,555.87,3,At Risk
13025,731.0,1,323.39,1,Lost
13026,1.0,9,1733.08,4,Loyal
13027,113.0,19,17239.2,0,Champions
13028,22.0,2,661.3199999999999,2,New
13029,30.0,5,1927.3,4,Loyal
13030,11.0,2,752.44,2,New
13031,407.0,5,3292.84,3,At Risk
13032,52.0,9,2815.96,4,Loyal
13033,357.0,2,220.55,1,Lost
13034,54.0,3,756.8199999999999,2,New
13035,73.0,3,1364.2,4,Loyal
13036,684.0,1,307.1,1,Lost
13037,138.0,12,3914.9500000000003,0,Champions
13038,80.0,3,908.46,2,New
13039,584.0,4,1010.73,3,At Risk
13040,8.0,2,676.99,2,New
13041,450.0,4,799.13,3,At Risk
13042,598.0,3,1488.59,3,At Risk
13043,273.0,1,516.42,2,New
13044,291.0,11,4848.05,0,Champions
13045,99.0,3,808.9200000000001,2,New
13046,30.0,3,949.25,4,Loyal
13047,31.0,24,8428.53,0,Champions
13048,14.0,9,4049.13,4,Loyal
13049,64.0,4,1408.24,4,Loyal
13050,14.0,35,11986.52,0,Champions
13051,578.0,2,155.8,1,Lost
13052,212.0,7,3119.33,4,Loyal
13053,621.0,1,127.64999999999999,1,Lost
13055,78.0,4,2321.11,4,Loyal
13056,551.0,1,209.48,1,Lost
13057,530.0,3,709.59,3,At Risk
13058,24.0,3,271.4,2,New
13059,249.0,10,2291.77,4,Loyal
13060,253.0,1,307.53,2,New
13061,72.0,1,248.61,2,New
13062,191.0,1,346.98,2,New
13063,480.0,1,188.4,1,Lost
13064,12.0,6,1666.8400000000001,4,Loyal
13065,373.0,5,1055.05,3,At Risk
13066,24.0,2,470.8,2,New
13067,82.0,3,508.51,2,New
13068,10.0,2,344.0,2,New
13069,0.0,38,9284.45,0,Champions
13070,192.0,4,751.7,4,Loyal
13071,612.0,1,129.22,1,Lost
13072,266.0,1,177.15,2,New
13073,411.0,2,418.08,3,At Risk
13074,511.0,4,1378.74,3,At Risk
13075,129.0,1,919.61,2,New
13076,457.0,1,135.4,1,Lost
13077,1.0,11,2740.65,4,Loyal
13078,3.0,57,29018.06,0,Champions
13079,4.0,6,419.18,4,Loyal
13080,179.0,4,280.73,2,New
13081,11.0,28,56838.37,0,Champions
13082,126.0,21,7335.75,0,Champions
13083,4.0,3,395.42999999999995,2,New
13084,491.0,1,122.39999999999999,1,Lost
13085,157.0,8,2433.28,4,Loyal
13086,382.0,1,439.33000000000004,1,Lost
13087,726.0,1,313.64,1,Lost
13088,417.0,1,236.11,1,Lost
13089,2.0,203,113416.91,0,Champions
13090,8.0,24,13091.74,0,Champions
13091,28.0,3,2321.82,4,Loyal
13092,70.0,12,2140.2799999999997,4,Loyal
13093,275.0,55,54144.25,0,Champions
13094,21.0,13,2209.44,4,Loyal
13095,70.0,1,74.39999999999999,2,New
13096,394.0,1,419.70000000000005,1,Lost
13097,32.0,28,13324.1,0,Champions
13098,1.0,28,28882.44,0,Champions
13099,99.0,1,207.35999999999999,2,New
13101,234.0,4,695.4,3,At Risk
13102,1.0,37,11380.1,0,Champions
13103,39.0,3,709.64,2,New
13104,3.0,9,1709.1,4,Loyal
13105,436.0,1,72.0,1,Lost
13106,133.0,2,603.46,2,New
13107,44.0,9,5253.07,4,Loyal
13108,372.0,2,748.46,3,At Risk
13109,59.0,3,1134.03,4,Loyal
13110,31.0,12,2957.4700000000003,4,Loyal
13111,718.0,1,321.88,1,Lost
13112,541.0,1,20.6,1,Lost
13113,0.0,37,18230.07,0,Champions
13114,730.0,1,234.38,1,Lost
13115,11.0,10,5494.7,0,Champions
13116,138.0,1,501.14,2,New
13117,21.0,18,2255.66,0,Champions
13118,19.0,9,2415.41,4,Loyal
13119,668.0,1,134.9,1,Lost
13120,238.0,1,30.599999999999998,1,Lost
13121,269.0,1,283.73,2,New
13122,94.0,2,922.39,2,New
13123,472.0,2,506.75,3,At Risk
13124,89.0,4,4641.66,4,Loyal
13125,523.0,1,148.62,1,Lost
13126,4.0,13,3774.81,0,Champions
13127,77.0,1,259.17,2,New
13128,631.0,1,263.5,1,Lost
13129,452.0,2,233.25,1,Lost
13130,94.0,1,64.0,2,New
13131,23.0,7,3313.77,4,Loyal
13132,261.0,1,77.3,1,Lost
13133,273.0,3,200.45000000000002,2,New
13134,85.0,6,2475.23,4,Loyal
13135,196.0,2,3371.45,4,Loyal
13136,56.0,13,6274.56,0,Champions
13137,10.0,16,7586.94,0,Champions
13138,22.0,7,1274.01,4,Loyal
13139,16.0,8,8202.98,0,Champions
13140,108.0,5,1054.92,4,Loyal
13141,84.0,17,7656.08,0,Champions
13142,19.0,1,307.09,2,New
13143,584.0,1,405.1,1,Lost
13144,332.0,2,135.35,1,Lost
13145,39.0,7,1128.52,4,Loyal
13146,26.0,1,228.91,2,New
13147,10.0,4,712.8000000000001,4,Loyal
13148,29.0,26,8497.82,0,Champions
13149,14.0,4,1676.06,4,Loyal
13150,484.0,3,449.96999999999997,3,At Risk
13151,295.0,3,2465.21,3,At Risk
13152,417.0,7,2146.38,3,At Risk
13153,5.0,1,486.22,2,New
13154,399.0,3,1624.8400000000001,3,At Risk
13155,33.0,6,1370.48,4,Loyal
13156,385.0,3,1586.54,3,At Risk
13157,49.0,9,5687.36,0,Champions
13158,94.0,5,1508.18,4,Loyal
13159,8.0,4,1429.35,4,Loyal
13160,22.0,1,91.8,2,New
13161,313.0,2,472.13,3,At Risk
13162,122.0,16,9275.49,0,Champions
13163,610.0,1,17.65,1,Lost
13164,569.0,2,372.2,1,Lost
13165,46.0,3,1451.16,4,Loyal
13166,283.0,2,875.9300000000001,3,At Risk
13167,18.0,5,1125.15,4,Loyal
13168,36.0,5,1840.73,4,Loyal
13169,63.0,3,840.08,2,New
13170,26.0,1,108.81,2,New
13171,21.0,3,468.40999999999997,2,New
13172,400.0,1,69.6,1,Lost
13173,4.0,11,2399.82,4,Loyal
13174,16.0,12,7995.36,0,Champions
13175,582.0,2,831.4499999999999,3,At Risk
13176,46.0,1,481.49,2,New
13177,64.0,2,512.2,2,New
13178,26.0,21,14059.19,0,Champions
13179,618.0,1,572.3100000000001,1,Lost
13180,607.0,1,86.10000000000001,1,Lost
13181,381.0,1,359.69,1,Lost
13182,45.0,1,121.18,2,New
13183,7.0,15,7036.18,0,Champions
13184,14.0,10,1668.95,4,Loyal
13185,267.0,1,71.4,1,Lost
13186,39.0,3,1575.89,4,Loyal
13187,337.0,4,341.36,3,At Risk
13188,11.0,1,114.60000000000001,2,New
13189,18.0,2,260.68,2,New
13190,544.0,3,570.66,3,At Risk
13191,658.0,1,164.69,1,Lost
13192,95.0,6,2558.58,4,Loyal
13193,61.0,1,112.08,2,New
13194,135.0,2,472.78,2,New
13195,414.0,1,136.73,1,Lost
13196,11.0,7,3068.84,4,Loyal
13197,609.0,1,373.01000000000005,1,Lost
13198,10.0,8,4974.2300000000005,4,Loyal
13199,3.0,67,15964.210000000001,0,Champions
13200,19.0,4,870.09,4,Loyal
13201,502.0,4,1233.06,3,At Risk
13202,394.0,7,1580.3,3,At Risk
13203,9.0,10,2648.25,4,Loyal
13204,731.0,1,966.6600000000001,1,Lost
13205,443.0,1,2803.2,3,At Risk
13206,400.0,13,8308.19,0,Champions
13207,15.0,4,535.86,2,New
13208,58.0,9,1976.3000000000002,4,Loyal
13209,30.0,13,8509.51,0,Champions
13210,93.0,1,353.48,2,New
13211,10.0,10,2618.77,4,Loyal
13212,19.0,3,786.83,2,New
13213,56.0,11,3851.52,0,Champions
13214,417.0,7,3264.23,3,At Risk
13215,402.0,1,81.6,1,Lost
13216,267.0,1,333.74,2,New
13217,122.0,4,666.48,4,Loyal
13218,127.0,1,62.63999999999999,2,New
13219,618.0,1,76.23,1,Lost
13220,78.0,5,1336.09,4,Loyal
13221,240.0,2,847.4100000000001,3,At Risk
13222,577.0,1,88.5,1,Lost
13223,200.0,6,969.1200000000001,4,Loyal
13224,60.0,2,2155.95,4,Loyal
13225,3.0,16,16260.07,0,Champions
13226,273.0,2,312.46,2,New
13227,201.0,1,257.7,2,New
13228,81.0,1,358.0,2,New
13229,225.0,1,160.95,2,New
13230,4.0,30,6120.01,0,Champions
13232,12.0,7,1328.35,4,Loyal
13233,74.0,4,1176.46,4,Loyal
13234,672.0,2,346.5,1,Lost
13235,212.0,1,1031.07,2,New
13236,24.0,2,744.85,2,New
13237,387.0,1,643.0,3,At Risk
13238,17.0,6,1006.63,4,Loyal
13239,261.0,5,1594.69,3,At Risk
13240,96.0,8,1475.79,4,Loyal
13241,411.0,1,112.53,1,Lost
13242,112.0,7,699.4,4,Loyal
13243,203.0,5,1220.38,4,Loyal
13244,92.0,1,121.74,2,New
13245,50.0,2,989.22,2,New
13246,18.0,11,3351.75,4,Loyal
13247,17.0,4,501.12,2,New
13248,124.0,2,465.67999999999995,2,New
13249,92.0,9,1608.93,4,Loyal
13250,460.0,2,253.09,1,Lost
13251,402.0,1,252.68,1,Lost
13252,394.0,2,399.29999999999995,3,At Risk
13253,156.0,4,2951.11,4,Loyal
13254,376.0,1,51.410000000000004,1,Lost
13255,9.0,3,678.76,2,New
13257,436.0,1,149.75,1,Lost
13258,11.0,5,1009.43,4,Loyal
13259,61.0,9,1402.54,4,Loyal
13260,61.0,1,557.62,2,New
13261,268.0,2,944.1,3,At Risk
13262,263.0,3,573.45,3,At Risk
13263,1.0,39,8676.2,0,Champions
13264,442.0,1,722.5600000000001,3,At Risk
13265,53.0,5,2092.66,4,Loyal
13266,11.0,19,6135.04,0,Champions
13267,2.0,36,9429.81,0,Champions
13268,17.0,11,3174.75,4,Loyal
13269,1.0,28,8537.32,0,Champions
13270,366.0,1,590.0,3,At Risk
13271,37.0,1,211.49,2,New
13272,31.0,2,276.56,2,New
13273,113.0,1,138.98,2,New
13274,409.0,1,360.85,1,Lost
13275,383.0,2,238.86,1,Lost
13276,63.0,5,1891.91,4,Loyal
13277,15.0,7,523.3,4,Loyal
13278,40.0,4,1435.85,4,Loyal
13279,78.0,1,137.75,2,New
13280,122.0,7,2293.33,4,Loyal
13281,439.0,1,350.85,1,Lost
13282,18.0,4,1313.19,4,Loyal
13283,59.0,4,373.36,2,New
13284,330.0,1,201.19,1,Lost
13285,23.0,6,3364.59,4,Loyal
13286,600.0,1,734.91,1,Lost
13287,603.0,3,781.59,3,At Risk
13288,443.0,5,927.61,3,At Risk
13289,723.0,1,307.95,1,Lost
13290,438.0,1,208.63,1,Lost
13291,155.0,11,3270.79,4,Loyal
13292,38.0,5,994.51,4,Loyal
13293,392.0,6,1192.94,3,At Risk
13294,189.0,3,1689.53,4,Loyal
13295,359.0,4,1101.97,3,At Risk
13296,137.0,6,792.51,4,Loyal
13297,7.0,7,4368.62,4,Loyal
13298,1.0,1,360.0,2,New
13299,268.0,3,1218.7,3,At Risk
13300,169.0,3,1285.51,4,Loyal
13301,103.0,4,618.09,2,New
13302,155.0,2,159.2,2,New
13303,400.0,1,61.72,1,Lost
13304,351.0,4,1217.99,3,At Risk
13305,4.0,16,3616.41,0,Champions
13306,430.0,1,53.65,1,Lost
13307,120.0,3,273.34000000000003,2,New
13308,22.0,4,1670.3700000000001,4,Loyal
13309,7.0,6,1706.37,4,Loyal
13310,28.0,5,1541.2,4,Loyal
13311,4.0,2,598.57,2,New
13312,451.0,1,124.75,1,Lost
13313,22.0,12,3445.32,0,Champions
13314,1.0,3,775.94,2,New
13315,689.0,1,310.26,1,Lost
13316,37.0,10,12940.82,0,Champions
13317,66.0,19,6486.091,0,Champions
13318,1.0,3,640.76,2,New
13319,5.0,58,21323.22,0,Champions
13320,78.0,6,2211.6,4,Loyal
13321,72.0,2,567.36,2,New
13322,17.0,1,199.48000000000002,2,New
13323,3.0,5,787.85,4,Loyal
13324,36.0,18,10513.47,0,Champions
13325,81.0,1,675.3,2,New
13326,432.0,1,281.76,1,Lost
13327,38.0,20,9134.48,0,Champions
13328,316.0,1,1308.48,3,At Risk
13329,31.0,8,4808.7699999999995,4,Loyal
13330,92.0,6,2796.1,4,Loyal
13331,401.0,1,262.4,1,Lost
13332,14.0,1,350.9,2,New
13333,411.0,3,1015.74,3,At Risk
13334,82.0,5,6201.8,4,Loyal
13336,77.0,1,795.12,2,New
13337,546.0,1,1575.26,3,At Risk
13338,157.0,4,2445.62,4,Loyal
13339,200.0,1,860.12,2,New
13340,45.0,12,22100.56,0,Champions
13341,260.0,1,775.85,2,New
13343,177.0,1,353.43,2,New
13344,67.0,3,2511.69,4,Loyal
13345,287.0,1,389.5,2,New
13346,462.0,6,299.4,3,At Risk
13347,70.0,1,341.36,2,New
13348,64.0,1,233.76,2,New
13349,10.0,1,247.32,2,New
13350,16.0,2,979.1200000000001,2,New
13351,66.0,1,373.94,2,New
13352,60.0,1,397.97999999999996,2,New
13354,71.0,1,743.53,2,New
13355,122.0,1,674.7,2,New
13356,80.0,1,768.24,2,New
13357,257.0,5,3805.51,4,Loyal
13358,268.0,1,439.03000000000003,2,New
13359,63.0,2,1043.31,2,New
13360,431.0,4,1553.65,3,At Risk
13361,472.0,2,1450.5,3,At Risk
13362,9.0,7,5394.07,4,Loyal
13363,17.0,3,1723.8600000000001,4,Loyal
13364,71.0,1,134.96,2,New
13365,33.0,2,2225.37,4,Loyal
13366,50.0,1,56.160000000000004,2,New
13367,431.0,1,510.2,1,Lost
13368,256.0,4,1121.5,3,At Risk
13369,365.0,1,308.28000000000003,1,Lost
13370,371.0,1,754.87,3,At Risk
13371,505.0,2,2297.66,3,At Risk
13372,89.0,1,378.64,2,New
13373,60.0,6,7587.1900000000005,4,Loyal
13374,414.0,2,422.8,3,At Risk
13375,88.0,2,1792.23,4,Loyal
13376,99.0,3,1019.76,4,Loyal
13377,396.0,2,1552.88,3,At Risk
13379,26.0,3,572.5600000000001,2,New
13380,432.0,1,62.4,1,Lost
13381,31.0,12,8224.37,0,Champions
13382,280.0,5,1387.58,3,At Risk
13383,543.0,1,305.28000000000003,1,Lost
13384,30.0,11,6680.83,0,Champions
13385,329.0,1,534.57,3,At Risk
13386,414.0,2,835.46,3,At Risk
13387,417.0,1,186.94,1,Lost
13388,131.0,3,1185.6499999999999,4,Loyal
13389,11.0,3,797.96,2,New
13390,74.0,1,544.08,2,New
13391,203.0,1,59.8,2,New
13392,677.0,1,91.14,1,Lost
13393,583.0,4,1131.45,3,At Risk
13394,1.0,19,6621.7,0,Champions
13395,185.0,3,1180.23,4,Loyal
13396,29.0,2,1360.99,2,New
13397,72.0,10,3191.87,4,Loyal
13398,192.0,2,670.3399999999999,2,New
13399,464.0,3,275.4,1,Lost
13400,582.0,1,310.83,1,Lost
13402,127.0,4,1226.85,4,Loyal
13403,17.0,3,229.5,2,New
13404,1.0,2,252.49,2,New
13405,74.0,6,1213.811,4,Loyal
13406,427.0,2,568.92,3,At Risk
13407,578.0,3,2244.7,3,At Risk
13408,1.0,106,50174.782,0,Champions
13410,24.0,9,2201.96,4,Loyal
13411,107.0,1,213.55,2,New
13412,620.0,1,487.34999999999997,1,Lost
13413,639.0,6,429.44,3,At Risk
13414,133.0,6,2494.14,4,Loyal
13415,472.0,4,784.1700000000001,3,At Risk
13416,43.0,3,940.8,4,Loyal
13417,4.0,6,1669.49,4,Loyal
13418,11.0,31,11559.66,0,Champions
13419,63.0,1,221.06,2,New
13420,149.0,2,159.85,2,New
13421,40.0,8,4058.75,4,Loyal
13422,64.0,1,2626.3,2,New
13423,428.0,1,217.03,1,Lost
13424,449.0,1,572.77,1,Lost
13425,108.0,5,3390.4300000000003,4,Loyal
13426,0.0,22,8167.38,0,Champions
13427,19.0,6,1006.53,4,Loyal
13428,10.0,3,478.53999999999996,2,New
13429,10.0,4,1006.8000000000001,4,Loyal
13430,18.0,2,679.45,2,New
13431,67.0,8,3316.24,4,Loyal
13432,571.0,2,439.1,1,Lost
13433,501.0,4,658.3199999999999,3,At Risk
13434,74.0,5,1666.8600000000001,4,Loyal
13435,5.0,9,4447.33,4,Loyal
13436,1.0,1,196.89,2,New
13437,14.0,7,3408.0600000000004,4,Loyal
13438,547.0,1,46.5,1,Lost
13439,255.0,3,986.6099999999999,3,At Risk
13440,423.0,7,1295.25,3,At Risk
13441,91.0,2,720.9,2,New
13442,667.0,3,419.87,1,Lost
13443,448.0,6,1273.1599999999999,3,At Risk
13444,374.0,2,619.08,3,At Risk
13445,626.0,1,241.9,1,Lost
13446,430.0,11,3881.89,3,At Risk
13447,23.0,3,1129.14,4,Loyal
13448,16.0,13,8745.93,0,Champions
13449,23.0,1,291.88,2,New
13450,26.0,13,4120.04,0,Champions
13451,26.0,11,7090.0599999999995,0,Champions
13452,259.0,3,729.8,3,At Risk
13453,165.0,3,781.6899999999999,2,New
13454,641.0,1,219.87,1,Lost
13455,24.0,6,2212.9900000000002,4,Loyal
13456,17.0,6,1766.72,4,Loyal
13457,688.0,2,148.22,1,Lost
13458,7.0,16,11959.27,0,Champions
13459,624.0,2,1160.4099999999999,3,At Risk
13460,29.0,2,183.44,2,New
13461,38.0,6,4160.0,4,Loyal
13462,252.0,5,1153.85,3,At Risk
13464,58.0,6,3097.64,4,Loyal
13465,446.0,2,931.12,3,At Risk
13466,184.0,5,1013.3499999999999,4,Loyal
13467,10.0,2,1071.9099999999999,2,New
13468,1.0,72,12793.28,0,Champions
13469,653.0,1,82.4,1,Lost
13470,99.0,2,165.0,2,New
13471,1.0,4,2501.84,4,Loyal
13472,463.0,2,592.24,3,At Risk
13473,60.0,8,2657.7599999999998,4,Loyal
13474,236.0,3,646.59,3,At Risk
13475,191.0,4,1431.78,4,Loyal
13476,178.0,5,2061.4700000000003,4,Loyal
13477,37.0,11,2819.17,4,Loyal
13478,469.0,5,2215.78,3,At Risk
13479,200.0,4,851.37,4,Loyal
13480,416.0,2,627.8199999999999,3,At Risk
13481,45.0,11,3830.84,0,Champions
13482,232.0,2,336.09,2,New
13483,65.0,1,140.34,2,New
13484,241.0,3,790.72,3,At Risk
13485,233.0,11,3019.2200000000003,4,Loyal
13486,78.0,3,1122.4099999999999,4,Loyal
13487,57.0,5,846.87,4,Loyal
13488,17.0,23,14205.960000000001,0,Champions
13489,105.0,4,449.52,2,New
13490,654.0,1,154.25,1,Lost
13491,51.0,27,4467.66,0,Champions
13492,136.0,3,1269.8400000000001,4,Loyal
13493,275.0,2,618.63,3,At Risk
13494,311.0,1,316.26000000000005,1,Lost
13495,7.0,10,4863.31,0,Champions
13496,10.0,2,653.3299999999999,2,New
13497,282.0,6,1166.83,3,At Risk
13498,730.0,1,327.38,1,Lost
13499,17.0,5,1159.1100000000001,4,Loyal
13500,23.0,4,1466.3,4,Loyal
13501,288.0,3,2885.1099999999997,3,At Risk
13502,16.0,5,780.5,4,Loyal
13503,71.0,6,1859.24,4,Loyal
13504,64.0,1,295.93,2,New
13505,72.0,4,4393.63,4,Loyal
13506,316.0,5,1338.08,3,At Risk
13507,3.0,4,2479.16,4,Loyal
13508,243.0,2,287.04999999999995,2,New
13509,8.0,8,1114.72,4,Loyal
13510,1.0,11,4558.29,0,Champions
13511,676.0,1,282.76,1,Lost
13512,260.0,4,713.39,3,At Risk
13513,126.0,3,824.59,2,New
13514,73.0,4,815.9000000000001,4,Loyal
13515,72.0,6,1265.82,4,Loyal
13516,21.0,4,1685.26,4,Loyal
13517,59.0,3,2128.42,4,Loyal
13518,85.0,1,627.16,2,New
13519,78.0,2,343.21000000000004,2,New
13520,58.0,11,6606.0,0,Champions
13521,1.0,3,1071.73,4,Loyal
13522,30.0,1,125.80000000000001,2,New
13523,33.0,6,4534.57,4,Loyal
13524,40.0,5,680.1800000000001,4,Loyal
13525,14.0,2,628.78,2,New
13526,738.0,2,1182.0,3,At Risk
13527,33.0,12,4541.29,0,Champions
13529,78.0,2,307.76,2,New
13530,634.0,1,402.97999999999996,1,Lost
13531,205.0,6,1433.07,4,Loyal
13532,33.0,1,210.31,2,New
13533,182.0,3,269.09,2,New
13534,2.0,35,7720.9,0,Champions
13535,402.0,1,89.5,1,Lost
13536,1.0,7,3444.39,4,Loyal
13537,425.0,2,717.85,3,At Risk
13538,43.0,12,3103.13,4,Loyal
13539,85.0,7,1569.3600000000001,4,Loyal
13540,467.0,3,632.39,3,At Risk
13541,427.0,2,785.25,3,At Risk
13542,376.0,17,3959.4900000000002,0,Champions
13543,634.0,2,1439.6100000000001,3,At Risk
13544,39.0,6,790.2,4,Loyal
13545,390.0,2,364.93,3,At Risk
13546,12.0,5,1086.24,4,Loyal
13547,408.0,1,167.08,1,Lost
13548,96.0,3,901.4399999999999,2,New
13549,25.0,8,1005.8,4,Loyal
13550,383.0,1,342.55,1,Lost
13551,319.0,2,244.2,1,Lost
13552,66.0,22,6948.92,0,Champions
13553,674.0,1,499.6,1,Lost
13554,380.0,7,1629.35,3,At Risk
13555,73.0,13,8891.84,0,Champions
13556,429.0,2,200.82,1,Lost
13557,28.0,13,3032.26,0,Champions
13558,5.0,4,594.52,4,Loyal
13559,512.0,2,990.0,3,At Risk
13560,7.0,1,171.42000000000002,2,New
13561,215.0,11,1803.3999999999999,4,Loyal
13562,81.0,8,4838.18,4,Loyal
13563,84.0,2,777.53,2,New
13564,144.0,37,16498.97,0,Champions
13565,19.0,3,414.8,2,New
13566,40.0,5,1688.6000000000001,4,Loyal
13567,428.0,4,1079.29,3,At Risk
13568,173.0,1,187.05,2,New
13569,17.0,4,726.5400000000001,4,Loyal
13570,243.0,1,239.49,2,New
13571,12.0,26,4537.26,0,Champions
13572,205.0,1,1384.25,2,New
13573,50.0,6,904.52,4,Loyal
13574,411.0,1,404.45,1,Lost
13575,23.0,5,732.0699999999999,4,Loyal
13576,10.0,28,11202.59,0,Champions
13577,25.0,11,3489.28,4,Loyal
13578,409.0,1,147.66,1,Lost
13579,14.0,5,1374.34,4,Loyal
13580,406.0,1,107.75,1,Lost
13581,309.0,2,280.53,2,New
13582,389.0,2,241.68,1,Lost
13583,155.0,2,1445.031,2,New
13584,306.0,3,385.7,3,At Risk
13585,530.0,3,684.54,3,At Risk
13586,541.0,1,127.28,1,Lost
13587,63.0,4,1673.5,4,Loyal
13588,15.0,9,2478.95,4,Loyal
13589,14.0,6,1120.74,4,Loyal
13590,11.0,18,6336.04,0,Champions
13591,64.0,7,2093.94,4,Loyal
13592,35.0,4,247.95999999999998,2,New
13593,108.0,14,5493.29,0,Champions
13594,52.0,2,533.32,2,New
13595,516.0,3,784.48,3,At Risk
13596,5.0,2,664.11,2,New
13597,400.0,2,396.71,3,At Risk
13598,47.0,5,761.9599999999999,4,Loyal
13599,1.0,33,9811.04,0,Champions
13600,312.0,2,518.42,3,At Risk
13601,45.0,4,1159.99,4,Loyal
13602,64.0,4,1025.17,4,Loyal
13603,26.0,1,164.34,2,New
13604,658.0,1,717.62,1,Lost
13605,387.0,2,522.6700000000001,3,At Risk
13606,29.0,3,276.75,2,New
13607,40.0,2,1075.81,2,New
13608,540.0,1,232.05,1,Lost
13609,593.0,1,167.35,1,Lost
13610,12.0,14,2103.71,4,Loyal
13611,89.0,10,3297.9300000000003,4,Loyal
13612,632.0,1,818.29,1,Lost
13613,452.0,5,1039.85,3,At Risk
13614,24.0,6,2332.74,4,Loyal
13615,318.0,8,6272.53,4,Loyal
13616,568.0,2,283.85,1,Lost
13617,40.0,8,1278.75,4,Loyal
13618,173.0,1,177.34,2,New
13619,544.0,2,224.94,1,Lost
13620,528.0,1,112.34,1,Lost
13621,116.0,1,213.85,2,New
13622,696.0,1,658.95,1,Lost
13623,30.0,10,2533.06,4,Loyal
13624,388.0,1,462.08,1,Lost
13625,596.0,1,301.26,1,Lost
13626,252.0,2,707.04,3,At Risk
13627,59.0,7,2245.9,4,Loyal
13628,676.0,1,310.14000000000004,1,Lost
13629,23.0,19,13370.86,0,Champions
13630,5.0,7,2031.78,4,Loyal
13631,99.0,11,3070.42,4,Loyal
13632,24.0,8,3645.81,4,Loyal
13634,33.0,16,5033.7699999999995,0,Champions
13635,67.0,4,2999.16,4,Loyal
13636,36.0,5,949.12,4,Loyal
13637,52.0,3,804.3,2,New
13638,15.0,1,122.64,2,New
13639,74.0,2,1346.27,2,New
13640,611.0,1,405.0,1,Lost
13641,640.0,5,1016.47,3,At Risk
13642,215.0,4,472.20000000000005,2,New
13643,31.0,10,2156.77,4,Loyal
13644,16.0,4,2624.26,4,Loyal
13645,120.0,1,252.1,2,New
13646,399.0,2,326.25,1,Lost
13647,9.0,8,3041.6800000000003,4,Loyal
13648,400.0,8,1764.02,3,At Risk
13649,256.0,6,1453.68,4,Loyal
13650,16.0,10,3288.0,4,Loyal
13651,35.0,3,226.85000000000002,2,New
13652,45.0,5,2262.05,4,Loyal
13653,487.0,1,152.2,1,Lost
13654,43.0,11,6308.0,0,Champions
13655,114.0,6,2280.51,4,Loyal
13656,164.0,4,1078.85,4,Loyal
13657,10.0,2,382.14,2,New
13658,9.0,9,6025.5,0,Champions
13659,205.0,12,4884.68,0,Champions
13660,400.0,1,306.64,1,Lost
13661,603.0,1,325.24,1,Lost
13662,85.0,11,2233.61,4,Loyal
13663,179.0,5,2047.51,4,Loyal
13665,386.0,3,1711.6599999999999,3,At Risk
13666,60.0,5,127.9,2,New
13667,149.0,1,299.05,2,New
13668,2.0,35,12948.48,0,Champions
13669,50.0,3,413.55,2,New
13670,75.0,1,349.7,2,New
13671,394.0,1,172.6,1,Lost
13672,301.0,3,419.92,3,At Risk
13673,18.0,2,387.44,2,New
13674,432.0,1,240.68,1,Lost
13675,151.0,2,486.82000000000005,2,New
13676,539.0,2,243.90000000000003,1,Lost
13677,404.0,2,551.24,3,At Risk
13678,151.0,1,232.6,2,New
13679,493.0,3,281.26,1,Lost
13680,1.0,12,11419.67,0,Champions
13681,17.0,4,827.83,4,Loyal
13682,187.0,1,59.5,2,New
13683,457.0,1,258.6,1,Lost
13684,285.0,4,594.88,3,At Risk
13685,2.0,7,3119.44,4,Loyal
13686,182.0,3,409.04,2,New
13687,438.0,1,11880.84,3,At Risk
13688,635.0,1,375.5,1,Lost
13689,63.0,2,1259.5,2,New
13690,59.0,1,172.25,2,New
13691,396.0,1,212.78,1,Lost
13692,24.0,5,3114.4,4,Loyal
13693,374.0,9,2011.8200000000002,3,At Risk
13694,3.0,143,195640.69,0,Champions
13695,31.0,16,2770.73,0,Champions
13696,421.0,3,2020.4,3,At Risk
13697,38.0,1,151.29999999999998,2,New
13698,596.0,2,451.73,1,Lost
13699,155.0,2,764.1500000000001,2,New
13700,26.0,13,2596.9700000000003,4,Loyal
13701,446.0,1,161.0,1,Lost
13702,445.0,1,135.18,1,Lost
13703,318.0,2,425.56,3,At Risk
13704,5.0,9,2308.06,4,Loyal
13705,7.0,7,1717.1899999999998,4,Loyal
13706,302.0,2,631.1700000000001,3,At Risk
13707,267.0,5,3365.8599999999997,4,Loyal
13708,271.0,1,285.33,2,New
13709,3.0,18,7571.35,0,Champions
13710,31.0,3,509.52,2,New
13711,218.0,9,1792.26,4,Loyal
13712,246.0,2,766.4200000000001,3,At Risk
13713,408.0,3,740.76,3,At Risk
13714,465.0,1,161.35,1,Lost
13715,281.0,17,8153.04,0,Champions
13716,269.0,1,138.28,2,New
13717,32.0,8,1763.3,4,Loyal
13718,246.0,2,306.55,2,New
13719,15.0,11,2783.08,4,Loyal
13720,116.0,4,799.9,4,Loyal
13721,36.0,2,741.54,2,New
13722,131.0,10,5635.41,0,Champions
13723,217.0,6,1194.08,4,Loyal
13724,637.0,1,213.01,1,Lost
13725,49.0,8,1980.56,4,Loyal
13726,38.0,2,1079.66,2,New
13727,28.0,8,1074.15,4,Loyal
13728,36.0,16,2855.17,0,Champions
13729,435.0,3,724.73,3,At Risk
13730,135.0,2,752.5999999999999,2,New
13731,219.0,2,610.59,2,New
13732,28.0,1,491.86,2,New
13733,410.0,2,487.03000000000003,3,At Risk
13734,508.0,4,6695.6900000000005,3,At Risk
13735,24.0,13,9762.77,0,Champions
13736,5.0,7,2752.47,4,Loyal
13737,200.0,1,339.59999999999997,2,New
13738,396.0,1,434.78000000000003,1,Lost
13739,18.0,2,292.2,2,New
13740,240.0,5,1582.77,4,Loyal
13741,71.0,3,668.4300000000001,2,New
13742,16.0,12,3107.87,0,Champions
13743,2.0,7,1341.6,4,Loyal
13744,95.0,2,1080.52,2,New
13745,162.0,2,777.36,2,New
13746,413.0,1,176.69,1,Lost
13747,373.0,2,169.79999999999998,1,Lost
13748,95.0,9,2064.35,4,Loyal
13750,53.0,11,3602.1800000000003,4,Loyal
13751,288.0,1,296.25,2,New
13752,124.0,7,1579.8300000000002,4,Loyal
13753,287.0,4,2094.5699999999997,3,At Risk
13754,151.0,3,447.04999999999995,2,New
13755,3.0,9,2108.06,4,Loyal
13756,2.0,23,8655.95,0,Champions
13757,674.0,1,195.55,1,Lost
13758,11.0,15,8698.13,0,Champions
13759,33.0,2,659.41,2,New
13760,54.0,5,1363.6399999999999,4,Loyal
13761,50.0,6,1952.17,4,Loyal
13762,218.0,5,2472.48,4,Loyal
13763,63.0,3,5217.4400000000005,4,Loyal
13764,70.0,6,2919.62,4,Loyal
13765,653.0,1,352.821,1,Lost
13766,495.0,1,190.35,1,Lost
13767,2.0,73,33903.57,0,Champions
13768,726.0,2,875.97,1,Lost
13769,2.0,20,5478.12,0,Champions
13770,422.0,4,785.37,3,At Risk
13771,64.0,9,5728.82,0,Champions
13772,33.0,8,3100.02,4,Loyal
13773,396.0,2,301.54,1,Lost
13774,81.0,1,345.0,2,New
13775,590.0,1,1049.66,1,Lost
13776,428.0,2,623.98,3,At Risk
13777,0.0,61,49638.26,0,Champions
13778,103.0,4,1124.49,4,Loyal
13779,515.0,1,161.13,1,Lost
13780,7.0,3,732.07,2,New
13781,250.0,3,778.83,3,At Risk
13782,12.0,13,1786.08,4,Loyal
13783,487.0,4,1542.09,3,At Risk
13784,9.0,14,2910.23,0,Champions
13785,428.0,4,542.49,3,At Risk
13786,367.0,6,3127.99,3,At Risk
13787,75.0,6,1222.5,4,Loyal
13788,505.0,1,3.75,1,Lost
13789,388.0,1,239.45999999999998,1,Lost
13790,4.0,1,348.8,2,New
13791,127.0,2,1516.0,2,New
13792,66.0,3,383.95000000000005,2,New
13793,646.0,1,96.0,1,Lost
13794,546.0,1,126.03,1,Lost
13795,388.0,4,836.3,3,At Risk
13796,499.0,1,289.7,1,Lost
13797,436.0,3,1179.45,3,At Risk
13798,1.0,110,75428.87,0,Champions
13799,116.0,9,2803.57,4,Loyal
13800,309.0,3,1679.56,3,At Risk
13801,66.0,1,324.8,2,New
13802,138.0,19,26259.11,0,Champions
13803,255.0,3,1338.91,3,At Risk
13804,30.0,9,3161.12,4,Loyal
13805,52.0,2,924.6,2,New
13806,63.0,1,256.38,2,New
13807,367.0,3,422.2,3,At Risk
13808,5.0,5,1747.66,4,Loyal
13809,305.0,3,679.7,3,At Risk
13810,28.0,3,1499.01,4,Loyal
13811,183.0,3,814.5,2,New
13812,42.0,3,539.0,2,New
13813,39.0,8,2765.4700000000003,4,Loyal
13814,92.0,3,2257.32,4,Loyal
13815,22.0,8,7475.74,0,Champions
13816,23.0,2,571.6700000000001,2,New
13817,29.0,2,382.98,2,New
13818,429.0,1,61.28,1,Lost
13819,301.0,6,2642.35,3,At Risk
13820,418.0,3,652.75,3,At Risk
13821,144.0,6,1379.08,4,Loyal
13822,5.0,2,632.0,2,New
13823,18.0,7,3403.4500000000003,4,Loyal
13824,32.0,12,3314.76,0,Champions
13825,621.0,2,255.59000000000003,1,Lost
13826,176.0,1,189.5,2,New
13827,57.0,3,409.79999999999995,2,New
13828,22.0,1,209.49,2,New
13829,421.0,1,102.0,1,Lost
13830,581.0,1,156.85000000000002,1,Lost
13831,16.0,18,6585.54,0,Champions
13832,19.0,2,609.89,2,New
13833,159.0,2,700.4100000000001,2,New
13834,576.0,2,324.19,1,Lost
13835,25.0,7,1095.27,4,Loyal
13836,399.0,2,620.37,3,At Risk
13837,211.0,2,266.59000000000003,2,New
13838,5.0,10,1690.07,4,Loyal
13839,486.0,1,139.95000000000002,1,Lost
13840,416.0,1,651.4,3,At Risk
13841,252.0,1,85.0,2,New
13842,58.0,18,5319.34,0,Champions
13843,381.0,1,319.75,1,Lost
13844,11.0,1,361.62,2,New
13845,64.0,1,312.98,2,New
13846,24.0,4,1307.79,4,Loyal
13847,719.0,1,310.72,1,Lost
13848,92.0,8,3015.0,4,Loyal
13849,51.0,5,3469.2999999999997,4,Loyal
13850,129.0,1,1595.48,2,New
13851,95.0,8,4606.46,4,Loyal
13852,610.0,1,187.35000000000002,1,Lost
13853,57.0,1,1090.14,2,New
13854,8.0,39,11944.56,0,Champions
13855,500.0,4,1310.3400000000001,3,At Risk
13856,168.0,11,1142.03,4,Loyal
13857,393.0,6,1001.01,3,At Risk
13858,57.0,1,216.17,2,New
13859,326.0,2,515.86,3,At Risk
13860,1.0,5,1245.9,4,Loyal
13861,429.0,2,273.26,1,Lost
13862,18.0,9,2556.09,4,Loyal
13863,247.0,4,1239.55,3,At Risk
13864,386.0,1,662.4000000000001,3,At Risk
13865,58.0,4,501.56,2,New
13866,74.0,1,145.67000000000002,2,New
13867,31.0,3,1005.09,4,Loyal
13868,7.0,2,3192.54,4,Loyal
13869,123.0,10,7996.87,0,Champions
13870,2.0,15,5712.08,0,Champions
13871,22.0,17,7885.85,0,Champions
13872,527.0,3,919.5699999999999,3,At Risk
13873,119.0,8,1038.92,4,Loyal
13874,358.0,7,2049.15,3,At Risk
13875,53.0,14,4814.37,0,Champions
13876,63.0,1,122.7,2,New
13877,86.0,3,449.68,2,New
13878,54.0,4,2416.9,4,Loyal
13879,645.0,1,395.5,1,Lost
13880,21.0,17,4293.86,0,Champions
13881,3.0,43,45179.1,0,Champions
13882,2.0,5,1191.13,4,Loyal
13883,10.0,15,6560.02,0,Champions
13884,7.0,10,1825.03,4,Loyal
13885,189.0,2,506.80000000000007,2,New
13886,71.0,1,243.56,2,New
13887,204.0,1,349.55,2,New
13888,119.0,7,2001.59,4,Loyal
13889,92.0,6,1991.23,4,Loyal
13890,1.0,14,2927.38,0,Champions
13891,378.0,3,859.21,3,At Risk
13892,26.0,6,1267.6499999999999,4,Loyal
13893,297.0,1,821.1,3,At Risk
13894,23.0,3,564.62,2,New
13895,28.0,6,4008.5200000000004,4,Loyal
13896,625.0,1,388.55,1,Lost
13897,50.0,3,1160.72,4,Loyal
13898,325.0,2,686.4000000000001,3,At Risk
13899,16.0,2,388.52,2,New
13900,183.0,6,1610.5900000000001,4,Loyal
13901,72.0,15,5676.34,0,Champions
13902,632.0,5,34095.259999999995,3,At Risk
13903,400.0,1,165.45000000000002,1,Lost
13904,37.0,2,332.64,2,New
13905,732.0,1,312.65000000000003,1,Lost
13906,409.0,1,42.0,1,Lost
13907,691.0,1,136.8,1,Lost
13908,79.0,4,2369.55,4,Loyal
13909,423.0,2,282.84999999999997,1,Lost
13911,57.0,20,4234.99,0,Champions
13912,423.0,1,124.95,1,Lost
13913,506.0,1,42.22,1,Lost
13914,11.0,2,626.45,2,New
13915,394.0,1,70.80000000000001,1,Lost
13916,463.0,4,1275.81,3,At Risk
13917,49.0,2,272.03999999999996,2,New
13918,49.0,2,1212.84,2,New
13919,59.0,4,1360.6799999999998,4,Loyal
13920,431.0,4,1774.68,3,At Risk
13921,402.0,4,730.7,3,At Risk
13922,351.0,3,865.2,3,At Risk
13923,53.0,1,351.13,2,New
13924,1.0,6,1838.85,4,Loyal
13925,92.0,4,678.25,4,Loyal
13926,23.0,1,223.85000000000002,2,New
13927,74.0,2,708.26,2,New
13928,10.0,4,464.57,2,New
13929,169.0,11,3494.1,4,Loyal
13930,57.0,2,337.34,2,New
13931,95.0,11,5257.38,0,Champions
13932,294.0,1,307.4,2,New
13933,109.0,2,608.79,2,New
13934,263.0,1,922.1,3,At Risk
13935,596.0,3,6116.92,3,At Risk
13936,179.0,3,939.66,2,New
13937,169.0,2,880.13,2,New
13938,35.0,1,71.66,2,New
13939,23.0,7,1560.96,4,Loyal
13940,17.0,4,839.14,4,Loyal
13941,21.0,15,10027.18,0,Champions
13942,534.0,1,320.0,1,Lost
13943,577.0,1,246.54,1,Lost
13944,653.0,1,200.43,1,Lost
13945,394.0,2,854.15,3,At Risk
13946,79.0,6,1876.23,4,Loyal
13947,65.0,1,90.6,2,New
13948,360.0,4,548.76,3,At Risk
13949,2.0,6,2427.32,4,Loyal
13950,11.0,4,745.06,4,Loyal
13951,176.0,3,674.45,2,New
13952,217.0,14,12823.520999999999,0,Champions
13953,7.0,12,6640.68,0,Champions
13954,1.0,2,439.91999999999996,2,New
13955,154.0,3,544.0699999999999,2,New
13956,5.0,5,1019.27,4,Loyal
13957,417.0,3,458.25,3,At Risk
13958,379.0,8,4709.2300000000005,3,At Risk
13959,79.0,6,1064.77,4,Loyal
13960,21.0,2,230.22,2,New
13961,392.0,1,538.4,1,Lost
13962,21.0,3,362.8,2,New
13963,308.0,17,2860.57,0,Champions
13964,387.0,2,438.9,3,At Risk
13965,476.0,3,996.61,3,At Risk
13966,435.0,1,384.26,1,Lost
13967,145.0,2,166.3,2,New
13968,423.0,1,123.66,1,Lost
13969,7.0,35,12973.460000000001,0,Champions
13970,386.0,2,846.55,3,At Risk
13971,18.0,14,4667.57,0,Champions
13972,70.0,2,190.25,2,New
13973,287.0,1,264.7,2,New
13974,49.0,2,677.72,2,New
13975,31.0,12,5256.4,0,Champions
13976,206.0,4,1192.3600000000001,4,Loyal
13977,411.0,1,519.8100000000001,1,Lost
13978,14.0,2,196.79000000000002,2,New
13979,73.0,7,3379.93,4,Loyal
13980,60.0,5,768.82,4,Loyal
13981,415.0,1,331.14,1,Lost
13982,39.0,9,3954.29,4,Loyal
13983,29.0,21,6753.89,0,Champions
13984,26.0,12,1893.8,4,Loyal
13985,4.0,22,10020.86,0,Champions
13986,17.0,1,320.46,2,New
13987,379.0,2,682.54,3,At Risk
13988,19.0,8,4757.8,4,Loyal
13989,65.0,5,2026.06,4,Loyal
13990,213.0,1,311.3,2,New
13991,12.0,6,852.88,4,Loyal
13992,30.0,3,219.5,2,New
13993,42.0,19,6775.71,0,Champions
13994,3.0,6,2274.14,4,Loyal
13995,15.0,14,3902.0099999999998,0,Champions
13996,386.0,2,895.76,3,At Risk
13997,519.0,3,376.46000000000004,1,Lost
13998,446.0,3,566.7,3,At Risk
13999,10.0,29,9502.26,0,Champions
14000,211.0,5,2046.3400000000001,4,Loyal
14001,45.0,9,4228.85,4,Loyal
14002,134.0,2,529.73,2,New
14003,732.0,1,209.41,1,Lost
14004,43.0,11,6258.45,0,Champions
14005,9.0,5,2874.72,4,Loyal
14006,115.0,7,2196.67,4,Loyal
14007,512.0,1,79.48,1,Lost
14008,432.0,1,509.04,1,Lost
14009,198.0,3,1099.91,3,At Risk
14010,565.0,2,445.15,1,Lost
14011,480.0,2,457.81999999999994,1,Lost
14012,277.0,1,328.8,2,New
14013,110.0,5,1084.57,4,Loyal
14014,77.0,3,1948.2099999999998,4,Loyal
14015,52.0,1,917.34,2,New
14016,161.0,11,11403.41,0,Champions
14017,571.0,1,229.75,1,Lost
14018,645.0,1,367.15000000000003,1,Lost
14019,46.0,3,1421.61,4,Loyal
14020,16.0,4,1249.01,4,Loyal
14021,155.0,7,1716.5800000000002,4,Loyal
14022,225.0,2,792.1500000000001,2,New
14023,7.0,2,584.0699999999999,2,New
14024,121.0,3,645.74,2,New
14025,464.0,8,4057.9,3,At Risk
14026,470.0,2,713.11,3,At Risk
14027,60.0,1,104.82,2,New
14028,550.0,3,10396.5,3,At Risk
14029,63.0,2,467.65999999999997,2,New
14030,18.0,20,7521.8,0,Champions
14031,7.0,44,39019.51,0,Champions
14032,2.0,16,4546.41,0,Champions
14033,555.0,1,109.44,1,Lost
14034,22.0,3,648.89,2,New
14035,28.0,9,2794.75,4,Loyal
14036,284.0,1,626.65,2,New
14037,176.0,6,836.95,4,Loyal
14038,78.0,5,3069.88,4,Loyal
14039,33.0,2,267.28,2,New
14040,40.0,35,12523.81,0,Champions
14041,266.0,1,141.41,2,New
14042,725.0,1,431.98,1,Lost
14043,491.0,2,302.6,1,Lost
14044,26.0,10,3077.7,4,Loyal
14045,109.0,16,10986.63,0,Champions
14046,284.0,1,154.99,1,Lost
14047,8.0,14,3968.11,0,Champions
14048,305.0,3,748.69,3,At Risk
14049,16.0,13,13023.4,0,Champions
14050,31.0,2,746.36,2,New
14051,0.0,37,21770.98,0,Champions
14052,19.0,2,466.66,2,New
14053,124.0,4,572.3,2,New
14054,65.0,1,92.46,2,New
14055,106.0,3,1520.96,4,Loyal
14056,1.0,23,8152.71,0,Champions
14057,23.0,22,8346.66,0,Champions
14058,462.0,2,469.19000000000005,3,At Risk
14059,266.0,1,183.6,2,New
14060,4.0,30,8898.24,0,Champions
14061,507.0,3,917.4300000000001,3,At Risk
14062,9.0,24,25585.65,0,Champions
14063,438.0,9,22710.2,0,Champions
14064,29.0,15,3260.24,0,Champions
14065,389.0,3,891.02,3,At Risk
14066,266.0,1,152.55,2,New
14067,63.0,2,374.7,2,New
14068,320.0,4,1516.72,3,At Risk
14069,514.0,2,225.81,1,Lost
14070,684.0,1,321.6,1,Lost
14071,3.0,8,1437.57,4,Loyal
14072,666.0,1,390.85,1,Lost
14073,32.0,1,151.04,2,New
14074,623.0,1,219.4,1,Lost
14075,4.0,6,1734.87,4,Loyal
14076,129.0,1,118.67,2,New
14077,40.0,6,615.08,4,Loyal
14078,101.0,9,1553.47,4,Loyal
14079,124.0,2,618.73,2,New
14080,32.0,5,1115.68,4,Loyal
14081,302.0,10,4867.57,4,Loyal
14082,364.0,2,413.36,3,At Risk
14083,4.0,11,1082.19,4,Loyal
14084,512.0,1,150.5,1,Lost
14085,2.0,33,9720.67,0,Champions
14086,462.0,1,39.95,1,Lost
14087,2.0,3,829.47,2,New
14088,10.0,16,64036.8,0,Champions
14089,56.0,1,158.75,2,New
14090,324.0,1,76.32000000000001,1,Lost
14091,654.0,2,9530.08,3,At Risk
14092,7.0,24,7229.45,0,Champions
14093,12.0,1,433.86,2,New
14094,439.0,1,311.77,1,Lost
14095,722.0,1,2.95,1,Lost
14096,4.0,17,65164.79,0,Champions
14097,481.0,2,422.86,1,Lost
14098,36.0,1,147.35,2,New
14099,16.0,20,5750.91,0,Champions
14100,137.0,1,191.95000000000002,2,New
14101,73.0,13,9961.93,0,Champions
14102,5.0,5,1105.8799999999999,4,Loyal
14104,154.0,5,743.53,4,Loyal
14105,239.0,5,5988.83,4,Loyal
14106,737.0,1,214.79999999999998,1,Lost
14107,51.0,11,4877.3,0,Champions
14108,30.0,4,1044.96,4,Loyal
14109,72.0,1,144.2,2,New
14110,3.0,33,12987.95,0,Champions
14111,14.0,4,692.85,4,Loyal
14112,22.0,13,5834.59,0,Champions
14113,3.0,16,7092.610000000001,0,Champions
14114,273.0,7,1364.09,4,Loyal
14115,501.0,2,622.6700000000001,3,At Risk
14116,19.0,5,1382.74,4,Loyal
14117,143.0,1,90.0,2,New
14118,428.0,1,458.45,1,Lost
14119,375.0,2,183.37,1,Lost
14121,3.0,4,2780.15,4,Loyal
14122,406.0,3,362.42,3,At Risk
14123,733.0,1,436.18,1,Lost
14124,84.0,1,419.58,2,New
14125,10.0,3,2720.63,4,Loyal
14126,7.0,4,1172.46,4,Loyal
14127,122.0,6,1900.0800000000002,4,Loyal
14128,60.0,3,924.21,4,Loyal
14129,1.0,9,2591.34,4,Loyal
14130,319.0,4,1858.77,3,At Risk
14131,648.0,1,168.22,1,Lost
14132,2.0,11,3586.0299999999997,4,Loyal
14133,129.0,4,911.14,4,Loyal
14134,382.0,15,11123.35,0,Champions
14135,1.0,24,8839.67,0,Champions
14136,400.0,5,1570.8100000000002,3,At Risk
14137,695.0,1,332.7,1,Lost
14138,1.0,2,965.8800000000001,2,New
14139,46.0,4,1086.8,4,Loyal
14140,3.0,2,935.05,2,New
14141,2.0,4,915.1300000000001,4,Loyal
14142,373.0,2,671.34,3,At Risk
14143,133.0,1,115.8,2,New
14144,486.0,1,30.599999999999998,1,Lost
14145,46.0,7,7600.049999999999,4,Loyal
14146,8.0,12,9450.3,0,Champions
14147,78.0,9,2590.2,4,Loyal
14148,233.0,2,466.29,2,New
14149,220.0,1,446.62,2,New
14150,35.0,2,658.6400000000001,2,New
14151,673.0,2,679.45,1,Lost
14152,75.0,7,1997.3400000000001,4,Loyal
14153,483.0,1,233.4,1,Lost
14154,239.0,8,6460.7,4,Loyal
14155,266.0,1,118.75,2,New
14156,9.0,156,313437.62,0,Champions
14157,19.0,5,978.69,4,Loyal
14158,40.0,1,507.66,2,New
14159,19.0,20,7860.8,0,Champions
14160,610.0,7,8421.470000000001,3,At Risk
14161,215.0,7,2996.93,4,Loyal
14162,173.0,2,289.36,2,New
14163,87.0,5,2594.62,4,Loyal
14164,70.0,2,1631.77,4,Loyal
14165,275.0,1,120.44,1,Lost
14166,505.0,2,251.15,1,Lost
14167,39.0,8,1274.29,4,Loyal
14168,420.0,2,370.45,1,Lost
14169,430.0,2,621.51,3,At Risk
14170,375.0,3,570.18,3,At Risk
14171,98.0,2,498.79,2,New
14172,605.0,3,369.02,1,Lost
14173,10.0,6,586.0,4,Loyal
14174,33.0,1,134.46,2,New
14175,59.0,8,7678.88,0,Champions
14176,297.0,5,756.46,3,At Risk
14177,86.0,13,2209.69,4,Loyal
14178,8.0,7,1600.26,4,Loyal
14179,40.0,2,701.57,2,New
14180,10.0,33,6117.5,0,Champions
14181,410.0,2,308.35,1,Lost
14182,443.0,4,678.77,3,At Risk
14183,411.0,2,278.34000000000003,1,Lost
14184,66.0,1,452.89,2,New
14185,331.0,1,197.65,1,Lost
14186,427.0,5,1550.63,3,At Risk
14187,473.0,1,123.5,1,Lost
14188,30.0,6,2054.36,4,Loyal
14189,2.0,16,5503.15,0,Champions
14190,666.0,1,79.9,1,Lost
14191,1.0,15,4817.66,0,Champions
14192,388.0,1,293.74,1,Lost
14193,67.0,3,1210.19,4,Loyal
14194,4.0,36,18670.59,0,Champions
14195,201.0,6,2615.6,4,Loyal
14196,106.0,1,335.52,2,New
14197,410.0,1,390.05,1,Lost
14198,18.0,9,1569.73,4,Loyal
14199,218.0,4,1091.7,3,At Risk
14200,617.0,1,379.2,1,Lost
14201,60.0,10,1193.54,4,Loyal
14202,381.0,3,847.76,3,At Risk
14203,397.0,1,339.34,1,Lost
14204,2.0,4,1024.83,4,Loyal
14205,16.0,9,2414.2,4,Loyal
14206,239.0,3,1185.0099999999998,3,At Risk
14207,687.0,1,157.8,1,Lost
14208,94.0,2,567.05,2,New
14209,10.0,15,4993.27,0,Champions
14210,105.0,16,5556.570000000001,0,Champions
14211,53.0,18,4402.29,0,Champions
14212,89.0,2,2190.1400000000003,4,Loyal
14213,404.0,1,1192.2,3,At Risk
14214,30.0,5,1004.38,4,Loyal
14215,11.0,9,3250.33,4,Loyal
14216,3.0,5,2150.04,4,Loyal
14217,1.0,23,3298.59,0,Champions
14218,42.0,1,169.48000000000002,2,New
14219,4.0,3,633.8299999999999,2,New
14220,247.0,4,1515.0,3,At Risk
14221,42.0,17,6517.49,0,Champions
14222,177.0,1,683.17,2,New
14223,92.0,3,991.13,4,Loyal
14224,110.0,9,1841.71,4,Loyal
14225,434.0,4,2031.07,3,At Risk
14226,28.0,6,2985.13,4,Loyal
14227,26.0,15,6368.71,0,Champions
14228,437.0,3,745.5,3,At Risk
14229,51.0,7,2594.04,4,Loyal
14230,435.0,3,979.8000000000001,3,At Risk
14231,183.0,4,1235.62,4,Loyal
14232,42.0,5,2048.07,4,Loyal
14233,49.0,7,2904.27,4,Loyal
14234,22.0,4,754.12,4,Loyal
14235,75.0,9,4717.99,4,Loyal
14236,80.0,5,1555.34,4,Loyal
14237,373.0,2,471.14,3,At Risk
14238,326.0,3,434.23,3,At Risk
14239,43.0,21,4263.17,0,Champions
14240,30.0,3,1247.49,4,Loyal
14241,183.0,2,333.70000000000005,2,New
14242,234.0,2,280.54999999999995,2,New
14243,8.0,17,7217.75,0,Champions
14244,660.0,1,366.41999999999996,1,Lost
14245,219.0,2,1693.45,3,At Risk
14246,110.0,3,1474.06,4,Loyal
14247,278.0,5,753.56,3,At Risk
14248,318.0,3,1032.95,3,At Risk
14249,410.0,12,5400.461,0,Champions
14250,7.0,3,1904.05,4,Loyal
14251,1.0,5,2879.7,4,Loyal
14252,381.0,1,350.99,1,Lost
14253,493.0,2,363.40000000000003,1,Lost
14254,432.0,1,601.03,1,Lost
14255,546.0,1,1000.63,3,At Risk
14256,260.0,5,2460.79,4,Loyal
14257,64.0,9,5954.45,0,Champions
14258,9.0,25,32051.34,0,Champions
14259,141.0,1,120.0,2,New
14260,471.0,3,824.28,3,At Risk
14261,50.0,2,1163.45,2,New
14262,8.0,8,2618.23,4,Loyal
14263,423.0,1,322.93,1,Lost
14264,154.0,6,1517.3600000000001,4,Loyal
14265,109.0,4,1373.35,4,Loyal
14266,428.0,1,40.56,1,Lost
14267,162.0,3,1516.24,4,Loyal
14268,470.0,1,354.85,1,Lost
14269,439.0,1,295.73,1,Lost
14270,331.0,1,492.65000000000003,3,At Risk
14271,225.0,2,214.18,2,New
14272,73.0,4,920.81,4,Loyal
14273,51.0,4,559.97,2,New
14274,686.0,1,256.6,1,Lost
14275,395.0,6,1189.3799999999999,3,At Risk
14276,98.0,7,2102.68,4,Loyal
14277,15.0,9,17197.61,0,Champions
14278,409.0,1,205.83,1,Lost
14279,520.0,2,191.86,1,Lost
14280,196.0,1,134.04,2,New
14281,408.0,1,245.15,1,Lost
14282,3.0,25,7250.76,0,Champions
14283,463.0,4,628.44,3,At Risk
14284,30.0,3,1299.6499999999999,4,Loyal
14285,21.0,8,3284.42,4,Loyal
14286,23.0,7,8479.76,4,Loyal
14287,8.0,3,176.63,2,New
14288,213.0,1,426.6,2,New
14289,8.0,6,911.26,4,Loyal
14290,11.0,8,4516.56,4,Loyal
14291,1.0,23,7904.1,0,Champions
14292,7.0,16,9226.25,0,Champions
14293,3.0,9,2903.01,4,Loyal
14294,407.0,1,375.34,1,Lost
14295,40.0,5,2362.91,4,Loyal
14296,421.0,2,456.4,3,At Risk
14297,17.0,4,1305.33,4,Loyal
14298,8.0,82,91194.49,0,Champions
14299,8.0,27,14070.25,0,Champions
14300,18.0,1,43.2,2,New
14301,117.0,4,1992.18,4,Loyal
14302,430.0,3,742.9000000000001,3,At Risk
14303,407.0,2,277.94,1,Lost
14304,222.0,3,1725.01,3,At Risk
14305,71.0,3,1858.96,4,Loyal
14306,51.0,6,3151.4,4,Loyal
14307,88.0,10,4287.92,4,Loyal
14308,549.0,2,1147.02,3,At Risk
14309,8.0,11,3780.81,0,Champions
14310,432.0,1,492.1,1,Lost
14311,242.0,2,516.45,2,New
14312,46.0,11,3090.29,4,Loyal
14314,106.0,2,229.8,2,New
14315,44.0,8,3197.82,4,Loyal
14316,422.0,5,1370.34,3,At Risk
14317,64.0,1,508.58,2,New
14318,460.0,1,158.02,1,Lost
14319,424.0,1,494.85,1,Lost
14320,206.0,5,1346.75,4,Loyal
14321,10.0,7,2218.06,4,Loyal
14322,429.0,4,474.1,3,At Risk
14323,114.0,2,605.06,2,New
14324,409.0,2,701.61,3,At Risk
14325,569.0,1,245.48000000000002,1,Lost
14326,242.0,3,940.98,3,At Risk
14327,163.0,6,1894.93,4,Loyal
14328,438.0,1,445.05,1,Lost
14329,17.0,15,9887.619999999999,0,Champions
14330,623.0,1,200.63,1,Lost
14331,124.0,2,462.66,2,New
14332,22.0,5,1917.41,4,Loyal
14333,67.0,1,415.2,2,New
14334,16.0,12,4318.48,0,Champions
14335,16.0,2,454.86,2,New
14336,16.0,4,1614.91,4,Loyal
14338,161.0,3,928.1,2,New
14339,242.0,2,620.27,2,New
14340,218.0,1,134.7,2,New
14341,45.0,18,4452.02,0,Champions
14342,21.0,6,918.44,4,Loyal
14343,421.0,4,1079.66,3,At Risk
14344,127.0,20,2993.05,0,Champions
14345,38.0,1,108.97999999999999,2,New
14346,120.0,5,2315.75,4,Loyal
14347,736.0,1,82.6,1,Lost
14348,260.0,1,409.57,2,New
14349,10.0,1,133.5,2,New
14350,274.0,3,972.03,3,At Risk
14351,164.0,1,51.0,2,New
14352,157.0,4,1078.96,4,Loyal
14353,215.0,3,376.5,2,New
14354,5.0,2,163.62,2,New
14355,365.0,3,840.0500000000001,3,At Risk
14356,79.0,2,701.23,2,New
14357,43.0,1,225.12,2,New
14358,389.0,2,400.05999999999995,3,At Risk
14359,19.0,3,912.18,4,Loyal
14360,31.0,4,2118.0299999999997,4,Loyal
14361,578.0,1,214.71,1,Lost
14362,22.0,1,151.5,2,New
14363,402.0,2,227.47000000000003,1,Lost
14364,108.0,8,3717.35,4,Loyal
14365,394.0,2,634.6800000000001,3,At Risk
14366,525.0,1,136.0,1,Lost
14367,8.0,16,9227.82,0,Champions
14368,319.0,1,155.0,1,Lost
14369,642.0,2,469.13,1,Lost
14370,450.0,6,1175.78,3,At Risk
14371,295.0,1,100.5,1,Lost
14372,443.0,2,860.08,3,At Risk
14373,358.0,1,76.55,1,Lost
14374,541.0,1,108.0,1,Lost
14375,185.0,3,1106.82,4,Loyal
14376,683.0,1,215.46,1,Lost
14377,191.0,2,617.05,2,New
14378,621.0,1,131.25,1,Lost
14379,44.0,4,1265.1599999999999,4,Loyal
14380,682.0,1,48.96,1,Lost
14381,52.0,2,625.94,2,New
14382,26.0,2,1193.63,2,New
14383,38.0,3,1247.69,4,Loyal
14384,500.0,1,58.5,1,Lost
14385,9.0,3,202.10999999999999,2,New
14386,296.0,1,142.4,1,Lost
14387,32.0,3,1727.6,4,Loyal
14388,10.0,16,6388.2,0,Champions
14389,65.0,5,1898.01,4,Loyal
14390,10.0,13,6150.03,0,Champions
14391,576.0,1,135.6,1,Lost
14392,432.0,1,266.4,1,Lost
14393,218.0,1,67.95,2,New
14394,564.0,1,93.8,1,Lost
14395,2.0,20,7801.93,0,Champions
14396,65.0,7,1969.38,4,Loyal
14397,2.0,19,2612.96,0,Champions
14398,401.0,2,707.79,3,At Risk
14399,394.0,8,2108.21,3,At Risk
14400,149.0,3,1732.47,4,Loyal
14401,4.0,22,6795.9,0,Champions
14402,652.0,1,285.6,1,Lost
14403,130.0,6,1880.51,4,Loyal
14404,33.0,13,2724.13,0,Champions
14405,386.0,1,195.0,1,Lost
14406,119.0,1,156.75,2,New
14407,107.0,6,2157.73,4,Loyal
14408,10.0,11,4102.27,0,Champions
14409,71.0,9,3427.29,4,Loyal
14410,92.0,11,2631.9,4,Loyal
14411,310.0,1,1063.0,3,At Risk
14412,42.0,3,1426.19,4,Loyal
14413,362.0,4,764.52,3,At Risk
14414,91.0,8,2399.33,4,Loyal
14415,1.0,23,11980.09,0,Champions
14416,22.0,2,490.22,2,New
14417,387.0,1,524.65,1,Lost
14418,3.0,3,1937.25,4,Loyal
14419,10.0,7,1254.64,4,Loyal
14420,99.0,4,1639.17,4,Loyal
14421,57.0,6,2469.37,4,Loyal
14422,0.0,19,10271.52,0,Champions
14423,218.0,3,916.61,3,At Risk
14424,17.0,1,322.08,2,New
14425,434.0,3,661.39,3,At Risk
14426,23.0,17,11727.94,0,Champions
14427,50.0,4,1263.52,4,Loyal
14428,7.0,5,1224.06,4,Loyal
14429,403.0,1,516.28,1,Lost
14430,511.0,3,1220.9,3,At Risk
14431,302.0,4,2614.2000000000003,3,At Risk
14432,9.0,6,2248.5,4,Loyal
14433,465.0,1,280.7,1,Lost
14434,21.0,6,1372.8,4,Loyal
14435,501.0,1,90.42,1,Lost
14436,98.0,2,271.70000000000005,2,New
14437,365.0,5,873.34,3,At Risk
14438,306.0,1,131.9,1,Lost
14439,319.0,5,9443.039999999999,4,Loyal
14440,8.0,13,5982.03,0,Champions
14441,0.0,11,4611.69,0,Champions
14442,204.0,7,5367.02,4,Loyal
14443,53.0,5,2082.97,4,Loyal
14444,456.0,1,120.44,1,Lost
14445,455.0,1,221.65,1,Lost
14446,0.0,5,1200.28,4,Loyal
14447,18.0,6,1711.73,4,Loyal
14448,9.0,2,375.35,2,New
14449,18.0,8,2230.96,4,Loyal
14450,180.0,7,1128.44,4,Loyal
14451,60.0,12,3258.68,0,Champions
14452,10.0,4,658.95,4,Loyal
14453,190.0,1,119.93,2,New
14454,376.0,5,977.3,3,At Risk
14455,432.0,4,617.72,3,At Risk
14456,5.0,9,3017.2799999999997,4,Loyal
14457,310.0,1,113.64,1,Lost
14458,380.0,1,228.07,1,Lost
14459,155.0,2,5375.741,4,Loyal
14460,110.0,9,1093.5,4,Loyal
14461,148.0,13,6676.91,0,Champions
14462,66.0,12,2242.81,4,Loyal
14463,98.0,4,786.5699999999999,4,Loyal
14464,568.0,2,111.0,1,Lost
14465,246.0,11,3925.85,4,Loyal
14466,29.0,13,4267.15,0,Champions
14467,17.0,12,2203.24,4,Loyal
14468,733.0,1,204.24,1,Lost
14469,416.0,4,2093.46,3,At Risk
14470,11.0,3,712.04,2,New
14471,591.0,2,400.95000000000005,1,Lost
14472,103.0,9,2118.72,4,Loyal
14473,74.0,2,234.34,2,New
14474,46.0,2,1258.8899999999999,2,New
14475,71.0,4,1151.15,4,Loyal
14476,257.0,1,193.0,2,New
14477,19.0,7,1969.6,4,Loyal
14478,382.0,4,1276.6599999999999,3,At Risk
14479,253.0,4,1124.71,3,At Risk
14480,11.0,4,1299.52,4,Loyal
14481,164.0,5,2284.69,4,Loyal
14482,18.0,12,4306.72,0,Champions
14483,281.0,2,257.1,2,New
14484,50.0,4,1070.98,4,Loyal
14485,38.0,1,162.8,2,New
14486,511.0,2,175.5,1,Lost
14487,26.0,7,1266.27,4,Loyal
14488,67.0,1,1064.28,2,New
14489,207.0,4,1574.93,4,Loyal
14490,406.0,2,1273.47,3,At Risk
14491,175.0,2,340.93,2,New
14492,430.0,7,1921.91,3,At Risk
14493,7.0,10,5087.86,0,Champions
14494,25.0,3,401.46,2,New
14495,50.0,3,174.8,2,New
14496,311.0,7,2363.89,3,At Risk
14497,309.0,2,697.06,3,At Risk
14498,42.0,10,3900.83,4,Loyal
14499,26.0,7,2101.79,4,Loyal
14500,88.0,3,356.85,2,New
14501,183.0,2,251.21,2,New
14502,19.0,11,2429.83,4,Loyal
14503,3.0,6,3543.26,4,Loyal
14504,47.0,4,673.26,4,Loyal
14505,17.0,19,11879.08,0,Champions
14506,17.0,7,2960.25,4,Loyal
14507,23.0,11,3216.7400000000002,4,Loyal
14508,22.0,5,822.9200000000001,4,Loyal
14509,534.0,1,110.95,1,Lost
14510,375.0,3,979.85,3,At Risk
14511,11.0,5,1314.81,4,Loyal
14512,187.0,7,1215.97,4,Loyal
14513,100.0,6,788.01,4,Loyal
14514,61.0,9,4380.04,4,Loyal
14515,17.0,12,3724.06,0,Champions
14516,516.0,1,151.17,1,Lost
14517,33.0,2,330.45,2,New
14518,64.0,1,174.37,2,New
14519,683.0,2,203.14,1,Lost
14520,1.0,2,270.6,2,New
14521,491.0,1,199.45000000000002,1,Lost
14522,24.0,8,1748.42,4,Loyal
14523,108.0,1,241.09,2,New
14524,31.0,13,2909.86,0,Champions
14525,19.0,17,8026.54,0,Champions
14526,389.0,1,258.65,1,Lost
14527,2.0,122,27246.88,0,Champions
14528,37.0,1,364.21999999999997,2,New
14529,60.0,3,578.61,2,New
14530,25.0,16,6088.87,0,Champions
14531,479.0,1,376.34,1,Lost
14532,236.0,11,3845.78,4,Loyal
14533,24.0,11,3466.37,4,Loyal
14534,2.0,26,6187.66,0,Champions
14535,60.0,9,5973.2300000000005,0,Champions
14536,259.0,1,170.95,2,New
14537,57.0,2,641.4,2,New
14538,64.0,5,1370.8400000000001,4,Loyal
14539,15.0,2,537.48,2,New
14540,9.0,11,3709.64,0,Champions
14541,58.0,14,2491.38,0,Champions
14542,185.0,1,103.25,2,New
14543,28.0,39,14587.87,0,Champions
14544,24.0,3,2938.5299999999997,4,Loyal
14545,674.0,1,349.25,1,Lost
14546,5.0,11,5184.84,0,Champions
14547,3.0,8,3974.75,4,Loyal
14548,150.0,9,2541.29,4,Loyal
14549,311.0,4,913.6,3,At Risk
14550,10.0,4,1345.06,4,Loyal
14551,18.0,7,878.09,4,Loyal
14552,151.0,3,507.93,2,New
14553,19.0,9,1818.6,4,Loyal
14554,10.0,4,2279.49,4,Loyal
14555,57.0,6,2304.03,4,Loyal
14556,596.0,3,815.69,3,At Risk
14557,85.0,1,788.38,2,New
14558,654.0,3,655.5,3,At Risk
14559,390.0,1,75.6,1,Lost
14560,7.0,44,6114.03,0,Champions
14561,75.0,3,1080.76,4,Loyal
14562,3.0,26,6638.15,0,Champions
14563,509.0,2,640.54,3,At Risk
14564,434.0,2,2605.62,3,At Risk
14565,95.0,5,3859.2200000000003,4,Loyal
14566,110.0,4,4092.0,4,Loyal
14567,56.0,2,1530.3600000000001,4,Loyal
14568,435.0,1,919.6999999999999,3,At Risk
14569,1.0,4,597.3299999999999,4,Loyal
14570,280.0,3,613.75,3,At Risk
14571,425.0,1,160.0,1,Lost
14572,3.0,11,5526.88,0,Champions
14573,179.0,13,2163.12,4,Loyal
14574,732.0,1,143.70000000000002,1,Lost
14575,488.0,1,420.22,1,Lost
14576,372.0,1,35.400000000000006,1,Lost
14577,12.0,7,1364.15,4,Loyal
14578,3.0,1,168.63,2,New
14579,432.0,1,105.56,1,Lost
14580,518.0,1,14.850000000000001,1,Lost
14581,16.0,2,409.65,2,New
14582,40.0,1,114.11000000000001,2,New
14583,5.0,8,1660.29,4,Loyal
14584,169.0,8,1738.16,4,Loyal
14585,50.0,5,1143.27,4,Loyal
14586,276.0,1,237.36,2,New
14587,18.0,9,1580.29,4,Loyal
14588,578.0,1,135.39,1,Lost
14589,371.0,1,39.75,1,Lost
14590,424.0,20,2993.37,0,Champions
14591,15.0,4,1320.21,4,Loyal
14592,35.0,3,557.9399999999999,2,New
14593,21.0,12,3665.5299999999997,0,Champions
14594,7.0,2,363.33,2,New
14595,19.0,8,2164.45,4,Loyal
14596,626.0,1,222.22,1,Lost
14597,11.0,6,2184.63,4,Loyal
14598,44.0,2,384.03999999999996,2,New
14599,390.0,2,457.89,3,At Risk
14600,305.0,2,865.1700000000001,3,At Risk
14601,10.0,1,213.96,2,New
14602,656.0,1,205.35999999999999,1,Lost
14603,274.0,1,660.0,2,New
14604,633.0,1,143.85999999999999,1,Lost
14605,374.0,4,921.56,3,At Risk
14606,1.0,192,29951.37,0,Champions
14607,15.0,22,23763.13,0,Champions
14608,4.0,11,3352.94,4,Loyal
14609,72.0,10,1486.2,4,Loyal
14610,395.0,2,24.35,1,Lost
14611,443.0,2,604.3299999999999,3,At Risk
14612,415.0,1,877.7,3,At Risk
14613,680.0,1,76.32000000000001,1,Lost
14614,386.0,1,295.13,1,Lost
14615,394.0,5,951.76,3,At Risk
14616,242.0,5,527.7800000000001,3,At Risk
14617,402.0,2,190.47000000000003,1,Lost
14618,9.0,7,1342.32,4,Loyal
14619,245.0,2,1291.24,3,At Risk
14620,205.0,2,412.78,2,New
14621,1.0,9,3000.57,4,Loyal
14622,184.0,1,320.58000000000004,2,New
14623,32.0,10,2016.98,4,Loyal
14624,57.0,6,814.07,4,Loyal
14625,196.0,11,4497.88,0,Champions
14626,23.0,11,5410.92,0,Champions
14627,379.0,1,462.75,1,Lost
14628,91.0,5,1998.0,4,Loyal
14629,4.0,2,955.26,2,New
14630,484.0,1,338.65,1,Lost
14631,50.0,6,2025.69,4,Loyal
14632,262.0,1,114.56,2,New
14633,266.0,1,344.90000000000003,2,New
14634,437.0,4,2124.46,3,At Risk
14635,453.0,1,215.22,1,Lost
14636,36.0,2,609.85,2,New
14637,677.0,1,106.67999999999999,1,Lost
14638,50.0,1,443.6,2,New
14639,52.0,9,4978.96,4,Loyal
14640,24.0,10,3649.36,4,Loyal
14641,21.0,1,110.46,2,New
14642,58.0,1,96.12,2,New
14643,170.0,5,1679.89,4,Loyal
14644,67.0,7,2247.72,4,Loyal
14645,156.0,3,876.89,2,New
14646,1.0,151,528602.52,0,Champions
14647,201.0,2,506.03999999999996,2,New
14648,416.0,15,4466.65,0,Champions
14649,4.0,9,3651.19,4,Loyal
14650,589.0,1,62.5,1,Lost
14651,67.0,9,2025.52,4,Loyal
14652,77.0,1,114.17999999999999,2,New
14653,1.0,12,3593.06,0,Champions
14654,738.0,1,246.85999999999999,1,Lost
14655,8.0,7,3878.51,4,Loyal
14656,169.0,5,790.0,4,Loyal
14657,17.0,6,1450.19,4,Loyal
14658,5.0,2,247.15,2,New
14659,8.0,9,2529.93,4,Loyal
14660,86.0,2,285.74,2,New
14661,26.0,1,107.95,2,New
14662,28.0,7,1376.43,4,Loyal
14663,430.0,2,490.6,3,At Risk
14664,19.0,2,636.24,2,New
14665,60.0,7,2749.65,4,Loyal
14666,24.0,1,195.25,2,New
14667,10.0,54,20395.34,0,Champions
14668,445.0,1,111.63,1,Lost
14669,241.0,7,3216.78,4,Loyal
14670,280.0,3,583.33,3,At Risk
14671,549.0,2,1127.45,3,At Risk
14672,234.0,4,1113.14,3,At Risk
14673,3.0,7,3037.3199999999997,4,Loyal
14674,509.0,1,173.66,1,Lost
14675,16.0,2,1015.5799999999999,2,New
14676,31.0,12,8356.79,0,Champions
14677,592.0,1,184.91,1,Lost
14678,579.0,1,403.39,1,Lost
14679,381.0,3,1289.44,3,At Risk
14680,25.0,58,55688.5,0,Champions
14681,71.0,6,875.15,4,Loyal
14682,187.0,6,1514.81,4,Loyal
14683,588.0,1,146.56,1,Lost
14684,25.0,6,1430.03,4,Loyal
14685,576.0,8,4536.64,3,At Risk
14686,414.0,5,852.53,3,At Risk
14687,106.0,3,1402.06,4,Loyal
14688,7.0,28,7190.42,0,Champions
14689,208.0,1,112.8,2,New
14690,44.0,4,777.6800000000001,4,Loyal
14691,30.0,5,2114.33,4,Loyal
14692,137.0,12,1715.14,4,Loyal
14693,264.0,7,1165.36,4,Loyal
14694,617.0,1,244.31,1,Lost
14695,519.0,3,1534.22,3,At Risk
14696,4.0,8,2473.28,4,Loyal
14697,218.0,2,188.60999999999999,2,New
14698,1.0,5,1217.27,4,Loyal
14699,214.0,4,702.6,3,At Risk
14700,32.0,5,3076.06,4,Loyal
14701,10.0,15,4487.11,0,Champions
14702,1.0,29,6368.78,0,Champions
14703,14.0,1,318.17,2,New
14704,11.0,11,1752.92,4,Loyal
14705,198.0,1,179.0,2,New
14706,618.0,1,367.54,1,Lost
14707,435.0,2,139.2,1,Lost
14708,2.0,5,1793.22,4,Loyal
14709,15.0,25,8886.33,0,Champions
14710,14.0,13,1899.79,4,Loyal
14711,10.0,11,2839.62,4,Loyal
14712,29.0,4,1328.07,4,Loyal
14713,9.0,21,5115.76,0,Champions
14714,24.0,4,906.24,4,Loyal
14715,24.0,8,1825.45,4,Loyal
14716,43.0,3,543.28,2,New
14717,733.0,1,81.3,1,Lost
14718,410.0,1,226.42,1,Lost
14719,1.0,5,1581.8400000000001,4,Loyal
14720,5.0,3,663.8100000000001,2,New
14721,379.0,1,109.07,1,Lost
14722,147.0,3,489.52000000000004,2,New
14723,10.0,11,1803.06,4,Loyal
14724,590.0,1,341.9,1,Lost
14725,24.0,4,1252.74,4,Loyal
14726,654.0,1,116.5,1,Lost
14727,274.0,3,463.72999999999996,3,At Risk
14728,413.0,1,190.58,1,Lost
14729,373.0,3,586.24,3,At Risk
14730,1.0,8,1897.57,4,Loyal
14731,47.0,3,380.02,2,New
14732,8.0,19,5517.07,0,Champions
14733,16.0,15,14335.15,0,Champions
14734,425.0,4,1056.42,3,At Risk
14735,3.0,56,12240.16,0,Champions
14736,485.0,2,374.04999999999995,1,Lost
14737,3.0,4,3554.17,4,Loyal
14738,42.0,9,1821.9,4,Loyal
14739,4.0,25,11573.62,0,Champions
14740,197.0,11,4161.06,4,Loyal
14741,11.0,7,1713.0900000000001,4,Loyal
14742,435.0,1,579.85,1,Lost
14743,592.0,1,50.48,1,Lost
14744,16.0,14,3660.08,0,Champions
14745,112.0,12,2551.41,4,Loyal
14746,406.0,4,593.5,3,At Risk
14747,249.0,1,328.2,2,New
14748,29.0,10,2681.9,4,Loyal
14749,479.0,1,310.15,1,Lost
14750,736.0,1,112.03,1,Lost
14751,684.0,2,126.45,1,Lost
14752,43.0,1,389.64,2,New
14753,87.0,2,869.51,2,New
14754,44.0,6,1547.93,4,Loyal
14755,9.0,25,9972.55,0,Champions
14756,15.0,3,2653.76,4,Loyal
14757,75.0,1,420.5,2,New
14758,144.0,7,2864.97,4,Loyal
14759,4.0,3,1625.97,4,Loyal
14760,297.0,1,89.2,1,Lost
14761,58.0,3,447.92,2,New
14762,263.0,2,417.57,2,New
14764,46.0,1,278.3,2,New
14765,29.0,3,254.11,2,New
14766,8.0,11,6375.7300000000005,0,Champions
14767,474.0,1,382.81,1,Lost
14768,17.0,2,192.60000000000002,2,New
14769,2.0,17,15514.11,0,Champions
14770,232.0,8,3637.64,4,Loyal
14771,621.0,2,594.62,1,Lost
14772,112.0,1,139.26,2,New
14773,592.0,1,140.55,1,Lost
14774,528.0,1,241.45,1,Lost
14775,58.0,3,1011.9,4,Loyal
14776,51.0,15,3708.3,0,Champions
14777,403.0,1,307.56,1,Lost
14778,127.0,2,730.86,2,New
14779,280.0,3,386.15,3,At Risk
14780,54.0,2,447.68,2,New
14782,319.0,1,200.10000000000002,1,Lost
14783,659.0,1,307.3,1,Lost
14784,26.0,3,449.93,2,New
14785,10.0,2,77.4,2,New
14786,550.0,1,90.96,1,Lost
14787,471.0,1,110.65,1,Lost
14788,7.0,3,1156.32,4,Loyal
14789,28.0,1,197.64000000000001,2,New
14790,16.0,10,2526.62,4,Loyal
14791,606.0,1,303.63,1,Lost
14792,63.0,1,6.2,2,New
14793,21.0,2,625.9000000000001,2,New
14794,2.0,10,1953.8999999999999,4,Loyal
14795,166.0,1,131.45000000000002,2,New
14796,1.0,27,10169.33,0,Champions
14797,507.0,1,300.31,1,Lost
14798,52.0,8,724.3100000000001,4,Loyal
14799,51.0,2,338.15,2,New
14800,47.0,17,7191.33,0,Champions
14801,61.0,1,189.34,2,New
14802,438.0,2,1502.98,3,At Risk
14803,162.0,3,845.55,2,New
14804,8.0,1,353.27,2,New
14805,15.0,7,1082.55,4,Loyal
14806,75.0,2,303.42999999999995,2,New
14807,390.0,2,504.14,3,At Risk
14808,39.0,8,2718.6,4,Loyal
14809,621.0,2,686.76,1,Lost
14810,40.0,13,2354.03,4,Loyal
14811,387.0,1,170.5,1,Lost
14812,598.0,1,178.85,1,Lost
14813,369.0,4,888.9100000000001,3,At Risk
14814,581.0,1,154.21,1,Lost
14815,36.0,2,778.5,2,New
14816,197.0,1,271.85,2,New
14817,200.0,7,3959.8599999999997,4,Loyal
14818,73.0,6,1153.56,4,Loyal
14819,64.0,4,456.41,2,New
14820,21.0,9,1274.76,4,Loyal
14821,366.0,7,1230.15,3,At Risk
14822,485.0,1,157.70000000000002,1,Lost
14823,180.0,3,321.43,2,New
14824,10.0,10,4022.9100000000003,4,Loyal
14825,3.0,24,4735.08,0,Champions
14826,581.0,2,385.20000000000005,1,Lost
14828,196.0,13,9839.460000000001,0,Champions
14829,29.0,7,1455.87,4,Loyal
14830,53.0,1,188.88,2,New
14831,680.0,3,1676.57,3,At Risk
14832,630.0,1,322.69,1,Lost
14833,498.0,1,94.8,1,Lost
14834,17.0,7,2206.16,4,Loyal
14835,528.0,2,297.0,1,Lost
14836,10.0,3,102.44999999999999,2,New
14837,89.0,9,3460.32,4,Loyal
14838,423.0,2,769.9200000000001,3,At Risk
14839,418.0,3,915.28,3,At Risk
14840,267.0,2,362.71000000000004,2,New
14841,53.0,14,7163.0,0,Champions
14842,43.0,4,2824.69,4,Loyal
14843,436.0,1,211.79999999999998,1,Lost
14844,63.0,10,6702.43,0,Champions
14845,599.0,1,150.0,1,Lost
14846,427.0,1,437.4,1,Lost
14847,148.0,3,1348.95,4,Loyal
14848,404.0,1,310.56,1,Lost
14849,21.0,43,15407.61,0,Champions
14850,311.0,7,1770.96,3,At Risk
14851,23.0,3,829.4100000000001,2,New
14852,58.0,18,6132.43,0,Champions
14853,24.0,5,1376.8700000000001,4,Loyal
14854,78.0,11,4303.06,0,Champions
14855,119.0,7,6520.3,4,Loyal
14856,36.0,3,1290.53,4,Loyal
14857,59.0,7,3651.851,4,Loyal
14858,505.0,1,180.75,1,Lost
14859,12.0,5,1705.64,4,Loyal
14860,19.0,1,170.32,2,New
14861,52.0,10,1380.73,4,Loyal
14862,25.0,2,841.2,2,New
14863,29.0,1,266.76,2,New
14865,7.0,4,92.52000000000001,2,New
14866,10.0,19,20746.54,0,Champions
14867,185.0,16,2952.06,0,Champions
14868,3.0,12,4184.01,0,Champions
14869,8.0,6,2778.14,4,Loyal
14870,261.0,6,1838.95,4,Loyal
14871,3.0,9,1228.17,4,Loyal
14872,483.0,3,816.6,3,At Risk
14873,210.0,2,854.1299999999999,2,New
14874,535.0,1,116.18,1,Lost
14875,107.0,3,2862.4,4,Loyal
14876,521.0,2,256.7,1,Lost
14877,418.0,2,425.85,3,At Risk
14878,12.0,25,4076.5,0,Champions
14879,684.0,1,185.06,1,Lost
14880,77.0,3,690.59,2,New
14881,19.0,1,255.4,2,New
14882,26.0,14,3546.65,0,Champions
14883,18.0,6,761.59,4,Loyal
14884,669.0,1,120.6,1,Lost
14885,131.0,3,1598.12,4,Loyal
14886,252.0,1,364.8,2,New
14887,79.0,1,1862.0,2,New
14888,207.0,1,369.2,2,New
14889,336.0,1,135.9,1,Lost
14890,253.0,3,817.25,3,At Risk
14891,148.0,4,1106.73,4,Loyal
14892,690.0,1,202.35000000000002,1,Lost
14893,9.0,3,1809.6100000000001,4,Loyal
14894,85.0,3,1492.81,4,Loyal
14895,7.0,38,25119.54,0,Champions
14896,204.0,8,1826.0,4,Loyal
14897,7.0,8,3140.54,4,Loyal
14898,23.0,14,3365.95,0,Champions
14899,395.0,1,1331.38,3,At Risk
14900,522.0,1,13.919999999999998,1,Lost
14901,11.0,12,1919.0,4,Loyal
14902,25.0,3,1035.6200000000001,4,Loyal
14903,21.0,5,2795.33,4,Loyal
14904,2.0,4,1630.49,4,Loyal
14905,157.0,8,1971.39,4,Loyal
14906,445.0,1,68.44,1,Lost
14907,3.0,16,5547.72,0,Champions
14908,74.0,2,381.90000000000003,2,New
14909,437.0,3,1404.6799999999998,3,At Risk
14910,2.0,4,434.35,2,New
14911,1.0,398,291420.81,0,Champions
14912,16.0,6,1889.25,4,Loyal
14913,35.0,8,4073.13,4,Loyal
14915,91.0,11,1811.25,4,Loyal
14916,70.0,8,3042.95,4,Loyal
14917,596.0,2,1123.75,3,At Risk
14918,115.0,9,5955.81,0,Champions
14919,539.0,1,359.35,1,Lost
14920,212.0,3,1607.17,3,At Risk
14921,30.0,2,1316.07,2,New
14922,393.0,2,843.74,3,At Risk
14923,50.0,1,749.1,2,New
14924,245.0,3,931.01,3,At Risk
14926,381.0,2,359.4,3,At Risk
14927,396.0,1,308.2,1,Lost
14928,627.0,1,223.91000000000003,1,Lost
14929,32.0,2,836.69,2,New
14930,108.0,6,5236.7300000000005,4,Loyal
14931,4.0,5,1257.68,4,Loyal
14932,365.0,2,666.1299999999999,3,At Risk
14933,443.0,4,1770.0,3,At Risk
14934,81.0,5,3503.5,4,Loyal
14935,297.0,2,2849.83,3,At Risk
14936,33.0,12,12410.81,0,Champions
14937,56.0,3,1621.8799999999999,4,Loyal
14938,562.0,2,2322.43,3,At Risk
14940,417.0,2,531.49,3,At Risk
14941,578.0,1,182.1,1,Lost
14942,401.0,4,746.56,3,At Risk
14943,663.0,1,107.62,1,Lost
14944,29.0,19,9784.67,0,Champions
14945,413.0,1,179.4,1,Lost
14946,14.0,1,100.9,2,New
14947,72.0,6,1049.79,4,Loyal
14948,23.0,6,1101.97,4,Loyal
14949,469.0,4,515.0,3,At Risk
14950,19.0,1,371.2,2,New
14951,79.0,1,311.69,2,New
14952,59.0,32,17629.35,0,Champions
14953,25.0,4,971.32,4,Loyal
14954,12.0,2,462.12,2,New
14955,732.0,1,163.77,1,Lost
14956,421.0,1,1325.0,3,At Risk
14957,253.0,2,261.69,2,New
14958,147.0,6,941.99,4,Loyal
14959,64.0,4,695.42,4,Loyal
14960,8.0,2,221.26999999999998,2,New
14961,10.0,22,16410.15,0,Champions
14962,270.0,4,366.91,3,At Risk
14963,9.0,12,3123.57,0,Champions
14964,247.0,1,206.21,2,New
14965,96.0,2,596.0899999999999,2,New
14966,14.0,6,1064.26,4,Loyal
14967,49.0,6,1982.6100000000001,4,Loyal
14968,30.0,2,501.24,2,New
14969,703.0,1,906.23,1,Lost
14970,68.0,12,4919.35,0,Champions
14971,35.0,3,1097.98,4,Loyal
14972,128.0,2,145.07,2,New
14973,107.0,3,1314.45,4,Loyal
14974,37.0,1,89.94,2,New
14975,57.0,2,472.39,2,New
14976,57.0,7,790.86,4,Loyal
14977,725.0,1,31.929999999999996,1,Lost
14978,72.0,10,3112.19,4,Loyal
14979,735.0,1,429.66,1,Lost
14980,737.0,1,150.68,1,Lost
14981,246.0,2,372.92,2,New
14982,572.0,1,237.78,1,Lost
14983,689.0,1,183.20000000000002,1,Lost
14984,19.0,6,1260.51,4,Loyal
14985,198.0,2,292.01,2,New
14986,376.0,2,563.1,3,At Risk
14987,15.0,8,1550.6499999999999,4,Loyal
14988,211.0,7,2038.65,4,Loyal
14989,661.0,1,342.4,1,Lost
14990,612.0,2,304.16999999999996,1,Lost
14991,430.0,1,314.67,1,Lost
14992,442.0,1,210.5,1,Lost
14993,563.0,1,36.13,1,Lost
14994,382.0,5,946.72,3,At Risk
14995,38.0,2,231.98000000000002,2,New
14996,481.0,2,442.29,1,Lost
14997,46.0,4,776.6,4,Loyal
14998,170.0,4,753.18,4,Loyal
14999,592.0,1,129.48,1,Lost
15000,47.0,1,490.52,2,New
15001,394.0,2,199.10999999999999,1,Lost
15002,115.0,9,4138.08,4,Loyal
15003,473.0,6,1027.03,3,At Risk
15004,147.0,1,1220.77,2,New
15005,15.0,56,13754.58,0,Champions
15006,51.0,2,757.78,2,New
15007,159.0,1,156.91,2,New
15008,480.0,2,360.0,1,Lost
15009,12.0,3,1259.43,4,Loyal
15010,35.0,1,308.94,2,New
15011,395.0,2,416.6,3,At Risk
15012,53.0,3,646.26,2,New
15013,487.0,10,1610.82,3,At Risk
15014,43.0,2,257.67,2,New
15015,501.0,13,2354.97,3,At Risk
15016,172.0,5,620.89,4,Loyal
15017,33.0,1,125.58,2,New
15018,38.0,3,496.21000000000004,2,New
15019,266.0,1,252.81,2,New
15020,379.0,1,198.47,1,Lost
15021,8.0,12,2500.59,4,Loyal
15022,11.0,5,1133.44,4,Loyal
15023,3.0,20,11578.65,0,Champions
15024,9.0,16,3559.39,0,Champions
15025,33.0,2,979.79,2,New
15026,80.0,5,1048.8899999999999,4,Loyal
15027,30.0,10,3195.6,4,Loyal
15028,8.0,6,962.9399999999999,4,Loyal
15029,619.0,1,365.1,1,Lost
15030,71.0,8,1979.91,4,Loyal
15031,4.0,14,3102.94,0,Champions
15032,256.0,8,11010.05,0,Champions
15033,4.0,10,2557.18,4,Loyal
15034,15.0,14,8231.2,0,Champions
15035,89.0,1,252.73000000000002,2,New
15036,72.0,3,429.56,2,New
15037,376.0,2,397.76,3,At Risk
15038,58.0,9,1146.53,4,Loyal
15039,9.0,93,39141.48,0,Champions
15040,541.0,1,7.49,1,Lost
15041,170.0,2,289.4,2,New
15042,199.0,2,315.45000000000005,2,New
15043,31.0,6,2870.3199999999997,4,Loyal
15044,19.0,35,16024.150000000001,0,Champions
15045,151.0,2,735.66,2,New
15046,9.0,25,7623.79,0,Champions
15047,269.0,1,343.62,2,New
15048,65.0,4,381.0,2,New
15049,273.0,1,121.17,1,Lost
15050,25.0,5,4087.19,4,Loyal
15051,23.0,9,3926.91,4,Loyal
15052,319.0,1,207.73000000000002,1,Lost
15053,4.0,3,693.95,2,New
15054,12.0,2,302.1,2,New
15055,474.0,3,549.12,3,At Risk
15056,520.0,1,113.64999999999999,1,Lost
15057,275.0,5,3255.96,4,Loyal
15058,25.0,16,3387.58,0,Champions
15059,40.0,19,3491.2,0,Champions
15060,8.0,4,294.25,2,New
15061,3.0,127,126389.02,0,Champions
15062,71.0,8,2585.62,4,Loyal
15063,213.0,1,370.79999999999995,2,New
15064,410.0,4,1254.41,3,At Risk
15065,37.0,5,3326.8599999999997,4,Loyal
15066,53.0,1,893.59,2,New
15067,78.0,5,3862.88,4,Loyal
15068,46.0,4,1174.9,4,Loyal
15069,179.0,1,1109.53,2,New
15070,372.0,3,737.0500000000001,3,At Risk
15071,93.0,4,1455.56,4,Loyal
15072,479.0,1,187.51999999999998,1,Lost
15073,9.0,8,2788.02,4,Loyal
15074,105.0,3,1553.1299999999999,4,Loyal
15075,77.0,1,773.03,2,New
15076,172.0,3,1447.74,4,Loyal
15077,494.0,2,2428.08,3,At Risk
15078,7.0,53,17286.73,0,Champions
15079,212.0,11,3625.4,4,Loyal
15080,427.0,2,546.25,3,At Risk
15081,22.0,12,1854.57,4,Loyal
15082,668.0,1,93.35000000000001,1,Lost
15083,256.0,1,88.2,2,New
15084,379.0,2,965.1999999999999,3,At Risk
15085,729.0,1,347.54,1,Lost
15086,564.0,2,218.53,1,Lost
15087,281.0,1,306.94,2,New
15088,21.0,2,1160.0700000000002,2,New
15089,10.0,6,2420.84,4,Loyal
15090,308.0,1,381.32,2,New
15091,67.0,3,1046.61,4,Loyal
15092,215.0,3,776.46,3,At Risk
15093,18.0,23,13702.380000000001,0,Champions
15094,463.0,2,83.0,1,Lost
15095,103.0,10,3141.64,4,Loyal
15096,42.0,1,219.39000000000001,2,New
15097,4.0,3,908.3499999999999,4,Loyal
15098,182.0,3,39916.5,4,Loyal
15099,84.0,1,410.48,2,New
15100,333.0,7,2193.9,3,At Risk
15101,8.0,6,1477.94,4,Loyal
15102,530.0,2,554.67,3,At Risk
15103,31.0,2,703.36,2,New
15104,196.0,2,993.54,2,New
15105,18.0,9,3094.91,4,Loyal
15106,17.0,5,1422.52,4,Loyal
15107,311.0,9,824.35,3,At Risk
15108,141.0,4,1300.25,4,Loyal
15109,245.0,3,983.0999999999999,3,At Risk
15110,23.0,6,1505.8500000000001,4,Loyal
15111,29.0,5,2442.37,4,Loyal
15112,611.0,1,209.4,1,Lost
15113,9.0,3,3509.43,4,Loyal
15114,30.0,12,3400.12,0,Champions
15115,18.0,2,531.85,2,New
15116,17.0,4,1352.75,4,Loyal
15117,14.0,8,2485.97,4,Loyal
15118,134.0,1,244.8,2,New
15119,245.0,1,266.40000000000003,2,New
15120,133.0,1,358.82,2,New
15121,50.0,2,457.71999999999997,2,New
15122,114.0,11,4487.27,0,Champions
15123,7.0,5,4656.17,4,Loyal
15124,22.0,4,450.82,2,New
15125,25.0,24,17024.87,0,Champions
15126,536.0,2,449.49,1,Lost
15127,65.0,2,711.5,2,New
15128,60.0,5,1783.6799999999998,4,Loyal
15129,50.0,23,6860.18,0,Champions
15130,169.0,1,330.11,2,New
15131,394.0,1,80.28,1,Lost
15132,18.0,5,977.9300000000001,4,Loyal
15133,127.0,5,1806.8999999999999,4,Loyal
15134,14.0,10,1596.29,4,Loyal
15135,239.0,2,305.68,2,New
15136,2.0,4,1286.7,4,Loyal
15137,520.0,2,823.4,3,At Risk
15138,393.0,1,502.52,1,Lost
15139,239.0,2,178.96,2,New
15140,52.0,8,3243.69,4,Loyal
15141,457.0,7,1388.47,3,At Risk
15142,46.0,6,2619.92,4,Loyal
15143,225.0,2,563.63,2,New
15144,8.0,29,12160.31,0,Champions
15145,4.0,4,1194.73,4,Loyal
15146,164.0,2,1327.16,2,New
15147,240.0,1,623.5,2,New
15148,10.0,1,301.29,2,New
15149,133.0,5,1554.6100000000001,4,Loyal
15150,17.0,13,8977.94,0,Champions
15151,423.0,2,2085.61,3,At Risk
15152,9.0,14,5263.83,0,Champions
15153,31.0,1,329.25,2,New
15154,75.0,3,1343.72,4,Loyal
15155,383.0,1,383.96999999999997,1,Lost
15156,1.0,3,961.49,4,Loyal
15157,3.0,5,2654.11,4,Loyal
15158,45.0,2,606.02,2,New
15159,1.0,34,22116.73,0,Champions
15160,357.0,4,589.27,3,At Risk
15161,388.0,1,119.92,1,Lost
15162,731.0,1,312.9,1,Lost
15163,18.0,2,304.47,2,New
15164,68.0,9,2028.1100000000001,4,Loyal
15165,373.0,1,487.75,1,Lost
15166,467.0,1,167.16,1,Lost
15167,320.0,5,1627.62,3,At Risk
15168,25.0,1,106.56,2,New
15169,382.0,2,569.22,3,At Risk
15170,406.0,1,81.15,1,Lost
15171,331.0,1,1289.5,3,At Risk
15172,8.0,5,1624.0500000000002,4,Loyal
15173,380.0,7,1494.6,3,At Risk
15174,322.0,2,481.46000000000004,3,At Risk
15175,71.0,1,224.14,2,New
15176,667.0,1,988.0400000000001,1,Lost
15177,425.0,1,948.9300000000001,3,At Risk
15178,260.0,1,40.5,1,Lost
15179,18.0,13,7491.92,0,Champions
15180,367.0,3,816.9300000000001,3,At Risk
15181,66.0,5,1200.2,4,Loyal
15182,154.0,11,2998.952,4,Loyal
15183,547.0,3,639.93,3,At Risk
15184,29.0,4,685.39,4,Loyal
15185,70.0,1,310.62,2,New
15186,14.0,5,1403.2,4,Loyal
15187,1.0,16,4777.18,0,Champions
15188,725.0,1,310.43,1,Lost
15189,1.0,46,17524.38,0,Champions
15190,434.0,1,834.4399999999999,3,At Risk
15191,463.0,3,588.05,3,At Risk
15192,119.0,5,1666.39,4,Loyal
15193,60.0,1,499.32,2,New
15194,3.0,28,12021.53,0,Champions
15195,2.0,1,3861.0,4,Loyal
15196,432.0,2,313.7,1,Lost
15197,10.0,6,1877.51,4,Loyal
15198,92.0,5,571.35,4,Loyal
15199,59.0,10,3122.4,4,Loyal
15200,494.0,1,549.05,1,Lost
15201,87.0,7,1842.95,4,Loyal
15202,420.0,3,6001.49,3,At Risk
15203,25.0,15,4400.18,0,Champions
15204,357.0,1,316.58,1,Lost
15205,85.0,2,653.24,2,New
15206,10.0,4,420.3,2,New
15207,416.0,3,683.92,3,At Risk
15208,1.0,6,970.52,4,Loyal
15209,730.0,1,178.98000000000002,1,Lost
15210,225.0,3,1176.19,3,At Risk
15211,60.0,2,894.4100000000001,2,New
15212,241.0,2,208.27999999999997,2,New
15213,318.0,2,328.34999999999997,3,At Risk
15214,1.0,8,1661.44,4,Loyal
15215,46.0,7,2422.43,4,Loyal
15216,87.0,2,486.09000000000003,2,New
15217,563.0,1,426.24,1,Lost
15218,10.0,22,11468.83,0,Champions
15219,176.0,2,685.45,2,New
15220,51.0,6,1778.96,4,Loyal
15221,366.0,4,2062.2,3,At Risk
15222,318.0,11,3550.91,4,Loyal
15223,225.0,5,1417.95,4,Loyal
15224,358.0,5,871.36,3,At Risk
15225,234.0,1,409.40000000000003,2,New
15226,310.0,1,154.41,1,Lost
15227,36.0,9,2488.4900000000002,4,Loyal
15228,66.0,6,5580.27,4,Loyal
15229,586.0,1,160.5,1,Lost
15230,239.0,2,429.6,2,New
15231,621.0,1,250.26,1,Lost
15232,113.0,2,612.06,2,New
15233,401.0,1,59.400000000000006,1,Lost
15234,276.0,1,197.0,2,New
15235,217.0,16,2772.76,0,Champions
15236,298.0,1,321.05,2,New
15237,1.0,4,1412.32,4,Loyal
15238,29.0,3,1071.99,4,Loyal
15239,10.0,2,780.59,2,New
15240,44.0,12,4459.98,0,Champions
15241,66.0,11,3050.16,4,Loyal
15242,422.0,1,302.04,1,Lost
15243,74.0,2,927.28,2,New
15244,65.0,3,912.0799999999999,4,Loyal
15245,134.0,8,4610.84,4,Loyal
15246,238.0,3,780.4000000000001,3,At Risk
15247,122.0,3,976.06,4,Loyal
15248,411.0,3,1893.93,3,At Risk
15249,31.0,18,9266.0,0,Champions
15250,640.0,1,60.0,1,Lost
15251,9.0,21,20324.54,0,Champions
15252,36.0,5,2103.41,4,Loyal
15253,16.0,8,2055.09,4,Loyal
15254,127.0,3,1088.3500000000001,4,Loyal
15255,66.0,9,3706.02,4,Loyal
15256,148.0,2,170.4,2,New
15257,283.0,2,685.9,3,At Risk
15258,168.0,2,623.16,2,New
15259,512.0,4,1182.3799999999999,3,At Risk
15260,100.0,25,8767.73,0,Champions
15261,135.0,4,1508.0,4,Loyal
15262,323.0,3,418.82,3,At Risk
15263,106.0,1,156.51,2,New
15264,64.0,2,848.4000000000001,2,New
15265,151.0,4,3345.6400000000003,4,Loyal
15266,338.0,5,852.21,3,At Risk
15267,22.0,5,1717.36,4,Loyal
15268,478.0,3,961.9000000000001,3,At Risk
15269,23.0,3,1225.3600000000001,4,Loyal
15270,15.0,21,8524.86,0,Champions
15271,7.0,24,4528.54,0,Champions
15272,57.0,6,2030.95,4,Loyal
15273,599.0,1,228.96,1,Lost
15274,4.0,2,716.57,2,New
15275,37.0,1,615.14,2,New
15276,66.0,4,619.8,2,New
15277,46.0,2,476.34,2,New
15278,561.0,4,496.15999999999997,3,At Risk
15279,354.0,5,1580.54,3,At Risk
15280,172.0,3,397.52,2,New
15281,58.0,16,8543.57,0,Champions
15282,570.0,1,348.59,1,Lost
15283,390.0,3,148.33,1,Lost
15284,500.0,1,24.75,1,Lost
15285,407.0,1,94.92,1,Lost
15286,49.0,1,240.55,2,New
15287,22.0,5,856.03,4,Loyal
15288,43.0,10,3715.38,4,Loyal
15289,29.0,5,1593.0900000000001,4,Loyal
15290,4.0,26,10496.28,0,Champions
15291,25.0,40,13517.76,0,Champions
15292,201.0,1,178.39,2,New
15293,665.0,1,247.5,1,Lost
15294,410.0,1,233.35,1,Lost
15295,654.0,1,207.04,1,Lost
15296,50.0,12,10323.029999999999,0,Champions
15297,10.0,3,641.94,2,New
15298,2.0,23,9061.77,0,Champions
15299,67.0,10,6156.53,0,Champions
15300,64.0,1,496.44,2,New
15301,50.0,17,6909.67,0,Champions
15302,730.0,1,308.0,1,Lost
15303,290.0,3,1224.1799999999998,3,At Risk
15304,60.0,9,796.4,4,Loyal
15305,555.0,1,93.60000000000001,1,Lost
15306,64.0,9,3484.73,4,Loyal
15307,95.0,1,205.3,2,New
15308,274.0,1,310.47,2,New
15309,610.0,4,797.96,3,At Risk
15310,478.0,1,1634.64,3,At Risk
15311,0.0,208,114966.42,0,Champions
15312,75.0,12,2930.19,4,Loyal
15313,110.0,1,52.0,2,New
15314,199.0,3,820.4499999999999,2,New
15315,64.0,2,570.5,2,New
15316,326.0,1,165.0,1,Lost
15317,677.0,1,129.75,1,Lost
15318,3.0,1,312.62,2,New
15319,283.0,1,204.5,2,New
15320,44.0,1,267.13,2,New
15321,70.0,12,6709.73,0,Champions
15322,85.0,2,1390.86,2,New
15323,562.0,3,434.6,1,Lost
15324,701.0,1,140.22000000000003,1,Lost
15325,103.0,8,1601.46,4,Loyal
15326,333.0,5,1700.52,3,At Risk
15327,52.0,1,208.75,2,New
15328,407.0,1,107.24,1,Lost
15329,39.0,11,2958.83,4,Loyal
15330,32.0,2,714.96,2,New
15331,499.0,3,767.9100000000001,3,At Risk
15332,366.0,6,4892.68,3,At Risk
15333,208.0,1,1028.56,2,New
15334,156.0,3,350.82,2,New
15335,53.0,1,170.22,2,New
15336,401.0,1,240.5,1,Lost
15337,411.0,1,373.02,1,Lost
15338,677.0,1,277.93,1,Lost
15339,66.0,7,1821.02,4,Loyal
15340,561.0,1,105.5,1,Lost
15341,80.0,2,2402.72,4,Loyal
15342,129.0,1,406.09,2,New
15343,87.0,1,364.5,2,New
15344,0.0,3,563.9399999999999,2,New
15345,45.0,1,393.54,2,New
15346,332.0,3,596.12,3,At Risk
15347,366.0,4,1162.0,3,At Risk
15348,72.0,1,158.04,2,New
15349,158.0,2,463.90999999999997,2,New
15350,373.0,2,547.6,3,At Risk
15351,12.0,10,3430.2200000000003,4,Loyal
15352,548.0,1,111.15,1,Lost
15353,254.0,7,2794.47,4,Loyal
15354,603.0,3,284.4,1,Lost
15355,29.0,2,277.05,2,New
15356,31.0,13,3239.57,0,Champions
15358,4.0,42,16425.86,0,Champions
15359,662.0,8,181.35,1,Lost
15360,39.0,1,427.93,2,New
15361,361.0,4,689.07,3,At Risk
15362,448.0,2,613.0799999999999,3,At Risk
15363,372.0,2,678.11,3,At Risk
15364,95.0,2,913.19,2,New
15365,25.0,13,4557.13,0,Champions
15366,75.0,7,2389.08,4,Loyal
15367,57.0,11,5081.33,0,Champions
15368,21.0,2,722.74,2,New
15369,492.0,11,6251.26,3,At Risk
15370,40.0,8,3739.0099999999998,4,Loyal
15371,662.0,1,59.400000000000006,1,Lost
15372,137.0,8,6017.0599999999995,4,Loyal
15373,8.0,17,3084.54,0,Champions
15374,128.0,2,307.32,2,New
15375,690.0,1,60.96,1,Lost
15376,40.0,3,1221.56,4,Loyal
15377,382.0,4,1211.75,3,At Risk
15378,462.0,2,246.5,1,Lost
15379,169.0,8,4877.84,4,Loyal
15380,8.0,11,3248.96,4,Loyal
15381,213.0,5,1890.57,4,Loyal
15382,14.0,12,13733.55,0,Champions
15384,169.0,4,2027.79,4,Loyal
15385,40.0,3,942.0799999999999,4,Loyal
15386,186.0,1,394.14,2,New
15387,492.0,1,468.65,1,Lost
15388,270.0,1,140.54,2,New
15389,172.0,5,2733.8,4,Loyal
15390,396.0,2,1216.66,3,At Risk
15391,584.0,1,289.87,1,Lost
15392,4.0,7,2911.62,4,Loyal
15393,16.0,5,891.34,4,Loyal
15394,9.0,11,5286.8,0,Champions
15395,325.0,1,107.45,1,Lost
15396,112.0,2,796.3800000000001,2,New
15397,289.0,1,94.0,1,Lost
15398,16.0,2,1345.5300000000002,2,New
15399,1.0,3,815.77,2,New
15400,92.0,8,1302.3,4,Loyal
15401,452.0,2,216.95000000000002,1,Lost
15402,148.0,6,1830.54,4,Loyal
15403,491.0,2,170.88,1,Lost
15404,375.0,1,257.06,1,Lost
15405,189.0,2,659.84,2,New
15406,31.0,4,975.87,4,Loyal
15407,33.0,4,1046.74,4,Loyal
15408,264.0,1,267.18,2,New
15409,721.0,1,131.25,1,Lost
15410,84.0,10,4685.72,0,Champions
15411,26.0,4,1348.93,4,Loyal
15412,171.0,1,190.53,2,New
15413,691.0,5,6798.72,3,At Risk
15414,9.0,3,774.9000000000001,2,New
15415,313.0,1,559.61,3,At Risk
15416,64.0,7,4572.82,4,Loyal
15417,85.0,1,508.8,2,New
15418,425.0,2,449.42,3,At Risk
15419,24.0,1,135.85999999999999,2,New
15420,434.0,6,743.0,3,At Risk
15421,58.0,10,3805.34,4,Loyal
15422,323.0,7,1619.97,3,At Risk
15423,38.0,3,266.89,2,New
15424,254.0,3,597.78,3,At Risk
15425,400.0,4,1941.1200000000001,3,At Risk
15426,19.0,9,2156.35,4,Loyal
15427,33.0,3,1430.54,4,Loyal
15428,15.0,4,762.75,4,Loyal
15429,26.0,2,397.35,2,New
15430,467.0,2,954.75,3,At Risk
15431,502.0,1,153.24,1,Lost
15432,23.0,2,320.76,2,New
15433,213.0,2,533.3,2,New
15434,8.0,11,2567.06,4,Loyal
15435,22.0,1,149.29,2,New
15436,12.0,3,1067.75,4,Loyal
15437,262.0,2,393.45000000000005,2,New
15438,131.0,1,156.58,2,New
15439,404.0,4,1269.05,3,At Risk
15440,54.0,3,383.68,2,New
15441,396.0,3,1254.21,3,At Risk
15442,248.0,1,594.0,2,New
15443,1.0,14,5114.23,0,Champions
15444,9.0,2,1411.21,4,Loyal
15445,264.0,2,284.5,2,New
15446,376.0,3,399.75,3,At Risk
15447,330.0,5,492.88,3,At Risk
15448,312.0,2,788.81,3,At Risk
15449,26.0,3,974.52,4,Loyal
15450,30.0,1,429.84,2,New
15451,434.0,2,226.86,1,Lost
15452,29.0,6,1785.1100000000001,4,Loyal
15453,1.0,7,1371.77,4,Loyal
15454,362.0,2,305.99,1,Lost
15455,597.0,1,38.25,1,Lost
15456,283.0,10,2091.52,4,Loyal
15457,262.0,1,237.07,2,New
15458,25.0,2,370.43999999999994,2,New
15459,417.0,2,202.82999999999998,1,Lost
15460,354.0,1,214.26,1,Lost
15461,460.0,2,429.7,1,Lost
15462,94.0,4,737.05,4,Loyal
15463,29.0,1,126.14,2,New
15464,338.0,1,1044.65,3,At Risk
15465,19.0,32,12100.4,0,Champions
15466,85.0,4,1560.46,4,Loyal
15467,9.0,3,524.88,2,New
15468,51.0,3,1430.48,4,Loyal
15469,50.0,3,874.25,2,New
15470,575.0,1,63.42,1,Lost
15471,2.0,3,1292.01,4,Loyal
15472,113.0,1,371.56,2,New
15473,14.0,8,2046.0,4,Loyal
15474,595.0,1,150.35,1,Lost
15475,77.0,1,454.11,2,New
15476,380.0,4,2209.98,3,At Risk
15477,649.0,1,368.4,1,Lost
15478,40.0,3,1983.48,4,Loyal
15479,733.0,1,147.4,1,Lost
15480,116.0,5,6279.0,4,Loyal
15481,401.0,1,1993.34,3,At Risk
15482,15.0,19,14417.359999999999,0,Champions
15483,161.0,10,817.8199999999999,4,Loyal
15484,1.0,6,4652.1,4,Loyal
15485,30.0,7,4810.92,4,Loyal
15486,527.0,1,102.0,1,Lost
15487,679.0,1,231.32,1,Lost
15488,92.0,5,431.92,2,New
15489,22.0,8,2419.61,4,Loyal
15490,430.0,1,210.85,1,Lost
15491,95.0,6,3100.09,4,Loyal
15492,28.0,2,659.46,2,New
15493,32.0,9,4121.68,4,Loyal
15494,21.0,5,3702.6000000000004,4,Loyal
15495,379.0,1,246.5,1,Lost
15496,631.0,1,146.14000000000001,1,Lost
15497,17.0,9,8657.39,0,Champions
15498,2.0,44,24972.86,0,Champions
15499,723.0,1,158.65,1,Lost
15500,8.0,4,1131.56,4,Loyal
15501,404.0,2,399.95,3,At Risk
15502,15.0,14,13003.87,0,Champions
15503,362.0,2,257.3,1,Lost
15504,81.0,4,402.7,2,New
15505,52.0,5,3610.96,4,Loyal
15506,22.0,6,2030.33,4,Loyal
15507,171.0,1,475.86,2,New
15508,189.0,6,1000.27,4,Loyal
15509,380.0,1,152.41,1,Lost
15510,330.0,1,250.0,1,Lost
15511,11.0,5,900.53,4,Loyal
15512,155.0,4,331.58000000000004,2,New
15513,33.0,35,26437.05,0,Champions
15514,12.0,18,6392.06,0,Champions
15515,387.0,1,171.81,1,Lost
15516,44.0,3,62.43,2,New
15517,233.0,1,267.03,2,New
15518,64.0,15,4189.99,0,Champions
15519,383.0,2,344.61,3,At Risk
15520,1.0,1,343.5,2,New
15521,40.0,16,7098.24,0,Champions
15522,32.0,2,397.99,2,New
15523,84.0,16,17259.19,0,Champions
15524,24.0,2,591.4,2,New
15525,2.0,4,890.22,4,Loyal
15526,33.0,2,148.44,2,New
15527,18.0,23,5554.89,0,Champions
15528,254.0,1,229.33,2,New
15529,22.0,12,4783.66,0,Champions
15530,21.0,5,1808.68,4,Loyal
15531,8.0,2,1972.3899999999999,4,Loyal
15532,25.0,10,3738.8500000000004,4,Loyal
15533,19.0,3,807.5699999999999,2,New
15534,725.0,1,162.25,1,Lost
15535,173.0,6,1044.37,4,Loyal
15536,409.0,1,259.09,1,Lost
15537,163.0,1,110.92,2,New
15538,537.0,6,3358.4,3,At Risk
15539,7.0,1,538.46,2,New
15540,11.0,2,460.68,2,New
15541,114.0,1,85.13000000000001,2,New
15542,512.0,3,855.71,3,At Risk
15543,288.0,2,242.26,2,New
15544,9.0,20,7807.89,0,Champions
15545,54.0,2,288.97,2,New
15546,606.0,2,1079.1000000000001,3,At Risk
15547,7.0,26,10057.05,0,Champions
15548,595.0,1,158.09,1,Lost
15549,77.0,8,2334.1600000000003,4,Loyal
15550,4.0,12,2211.05,4,Loyal
15551,36.0,7,1679.81,4,Loyal
15552,217.0,2,252.52,2,New
15553,60.0,1,428.93,2,New
15554,277.0,1,217.2,2,New
15555,12.0,36,11243.91,0,Champions
15556,24.0,1,279.77,2,New
15557,28.0,1,468.91,2,New
15558,639.0,1,202.68,1,Lost
15559,568.0,1,1109.4,3,At Risk
15560,397.0,2,153.51999999999998,1,Lost
15561,11.0,8,1934.3899999999999,4,Loyal
15562,351.0,3,671.4300000000001,3,At Risk
15563,22.0,7,2859.46,4,Loyal
15564,463.0,2,70.74000000000001,1,Lost
15565,50.0,2,173.16000000000003,2,New
15566,392.0,2,227.87,1,Lost
15567,18.0,1,186.01,2,New
15568,2.0,3,758.2900000000001,2,New
15569,103.0,10,3583.45,4,Loyal
15570,7.0,25,8736.49,0,Champions
15571,11.0,14,3892.35,0,Champions
15572,4.0,10,3965.2,4,Loyal
15573,31.0,5,1188.42,4,Loyal
15574,177.0,6,1101.44,4,Loyal
15575,619.0,1,30.1,1,Lost
15576,37.0,1,921.37,2,New
15577,151.0,5,396.03000000000003,2,New
15578,162.0,1,127.10000000000001,2,New
15579,68.0,5,1250.63,4,Loyal
15580,376.0,8,1375.39,3,At Risk
15581,120.0,38,7480.400000000001,0,Champions
15582,24.0,3,682.9100000000001,2,New
15583,376.0,1,95.96,1,Lost
15584,23.0,6,1268.2,4,Loyal
15585,176.0,1,455.3,2,New
15586,592.0,3,1139.1000000000001,3,At Risk
15587,50.0,7,1522.08,4,Loyal
15588,677.0,1,579.6,1,Lost
15589,255.0,3,478.53,3,At Risk
15590,382.0,5,1496.6,3,At Risk
15591,582.0,3,217.9,1,Lost
15592,46.0,1,388.58,2,New
15593,70.0,1,199.8,2,New
15594,15.0,5,1771.78,4,Loyal
15595,487.0,1,357.6,1,Lost
15596,100.0,9,2727.72,4,Loyal
15597,35.0,2,563.37,2,New
15598,53.0,2,548.02,2,New
15599,26.0,3,1250.06,4,Loyal
15600,428.0,4,1199.31,3,At Risk
15601,11.0,30,14191.74,0,Champions
15602,8.0,16,3137.96,0,Champions
15603,78.0,2,88.48,2,New
15604,52.0,1,216.39,2,New
15605,36.0,9,1741.95,4,Loyal
15606,61.0,17,5230.99,0,Champions
15607,336.0,9,1708.97,3,At Risk
15608,28.0,5,1785.98,4,Loyal
15609,184.0,1,298.48,2,New
15610,51.0,1,112.46000000000001,2,New
15611,9.0,26,2997.28,0,Champions
15612,36.0,2,195.15,2,New
15613,610.0,1,433.71999999999997,1,Lost
15614,437.0,4,3147.36,3,At Risk
15615,10.0,47,21373.97,0,Champions
15616,438.0,1,317.11,1,Lost
15617,396.0,3,828.5500000000001,3,At Risk
15618,32.0,4,776.851,4,Loyal
15619,10.0,1,336.40000000000003,2,New
15620,56.0,4,1942.36,4,Loyal
15621,4.0,4,1293.03,4,Loyal
15622,43.0,17,7852.61,0,Champions
15623,141.0,8,2437.05,4,Loyal
15624,116.0,4,588.13,2,New
15625,103.0,9,3236.4,4,Loyal
15626,74.0,3,1067.52,4,Loyal
15627,457.0,2,566.9000000000001,3,At Risk
15628,4.0,17,5333.08,0,Champions
15629,450.0,4,2240.9,3,At Risk
15630,45.0,3,1481.4,4,Loyal
15631,642.0,1,596.67,1,Lost
15632,15.0,8,3285.31,4,Loyal
15633,509.0,13,4335.96,3,At Risk
15634,17.0,2,554.6500000000001,2,New
15635,395.0,1,100.35,1,Lost
15636,89.0,4,1444.58,4,Loyal
15637,52.0,5,797.59,4,Loyal
15638,378.0,6,2265.2,3,At Risk
15639,134.0,3,1065.08,4,Loyal
15640,4.0,29,23494.31,0,Champions
15641,105.0,12,5345.55,0,Champions
15642,729.0,1,105.78000000000002,1,Lost
15643,191.0,3,664.0,2,New
15644,166.0,4,803.54,4,Loyal
15645,18.0,3,1055.17,4,Loyal
15646,157.0,5,784.8100000000001,4,Loyal
15647,415.0,1,169.0,1,Lost
15648,204.0,2,639.5,2,New
15649,336.0,4,1660.35,3,At Risk
15650,521.0,2,553.88,3,At Risk
15651,36.0,5,1259.06,4,Loyal
15652,91.0,5,1405.94,4,Loyal
15653,92.0,2,877.4399999999999,2,New
15654,9.0,2,922.53,2,New
15655,243.0,1,560.6700000000001,2,New
15656,45.0,4,748.5,4,Loyal
15657,22.0,1,30.0,2,New
15658,190.0,8,2117.27,4,Loyal
15659,43.0,3,532.49,2,New
15660,25.0,15,2603.69,0,Champions
15661,317.0,8,1215.95,3,At Risk
15662,661.0,2,283.73,1,Lost
15663,106.0,1,138.14,2,New
15664,50.0,4,1254.03,4,Loyal
15665,168.0,5,3987.07,4,Loyal
15666,472.0,2,632.94,3,At Risk
15667,39.0,1,301.32,2,New
15668,217.0,1,76.32000000000001,2,New
15669,40.0,4,684.34,4,Loyal
15670,296.0,2,325.20000000000005,2,New
15671,18.0,7,2657.13,4,Loyal
15672,725.0,1,45.300000000000004,1,Lost
15673,88.0,9,6204.32,0,Champions
15674,73.0,13,6948.23,0,Champions
15675,81.0,4,542.04,2,New
15676,18.0,3,3435.7599999999998,4,Loyal
15677,49.0,3,1305.63,4,Loyal
15678,52.0,3,1825.94,4,Loyal
15679,24.0,4,781.28,4,Loyal
15680,9.0,10,4028.69,4,Loyal
15681,25.0,14,2989.7,0,Champions
15682,599.0,2,318.24,1,Lost
15683,117.0,2,524.54,2,New
15684,547.0,3,173.95000000000002,1,Lost
15685,450.0,1,55.98,1,Lost
15686,420.0,1,90.0,1,Lost
15687,8.0,9,2993.1,4,Loyal
15688,418.0,1,190.57,1,Lost
15689,119.0,3,521.03,2,New
15690,4.0,2,239.76,2,New
15691,252.0,4,571.3,3,At Risk
15692,28.0,1,191.04,2,New
15693,659.0,1,37.5,1,Lost
15694,0.0,24,9978.48,0,Champions
15695,266.0,4,1131.04,3,At Risk
15696,33.0,13,3881.2200000000003,0,Champions
15697,689.0,1,246.75,1,Lost
15698,624.0,1,46.2,1,Lost
15699,17.0,1,309.65,2,New
15700,172.0,2,696.68,2,New
15701,2.0,4,1529.0,4,Loyal
15702,476.0,2,140.39,1,Lost
15703,264.0,1,211.5,2,New
15704,140.0,6,3734.66,4,Loyal
15705,201.0,1,143.1,2,New
15706,63.0,4,1060.56,4,Loyal
15707,35.0,4,916.98,4,Loyal
15708,40.0,9,3887.15,4,Loyal
15709,283.0,2,327.85,2,New
15710,417.0,1,898.87,3,At Risk
15711,556.0,2,420.25,1,Lost
15712,9.0,12,3472.41,0,Champions
15713,143.0,4,839.6400000000001,4,Loyal
15714,11.0,5,783.96,4,Loyal
15715,555.0,5,658.02,3,At Risk
15716,145.0,11,2485.26,4,Loyal
15717,234.0,5,607.0,3,At Risk
15718,540.0,1,293.79,1,Lost
15719,32.0,31,10195.97,0,Champions
15720,24.0,2,739.22,2,New
15721,11.0,1,471.40000000000003,2,New
15722,35.0,11,5234.0,0,Champions
15723,364.0,4,930.7,3,At Risk
15724,201.0,3,310.85,2,New
15725,15.0,1,415.25,2,New
15726,390.0,1,321.91,1,Lost
15727,16.0,15,9371.710000000001,0,Champions
15728,379.0,2,544.6,3,At Risk
15729,212.0,3,192.55,2,New
15730,65.0,5,1726.58,4,Loyal
15731,553.0,1,125.3,1,Lost
15732,212.0,10,1543.97,4,Loyal
15733,282.0,1,162.3,1,Lost
15734,114.0,4,2263.3,4,Loyal
15735,421.0,1,327.68,1,Lost
15736,435.0,2,1767.12,3,At Risk
15737,14.0,8,1188.12,4,Loyal
15738,18.0,41,13043.32,0,Champions
15739,66.0,1,449.12,2,New
15740,49.0,1,154.88,2,New
15741,458.0,2,208.62,1,Lost
15742,619.0,1,156.87,1,Lost
15743,16.0,4,775.96,4,Loyal
15744,77.0,1,34.8,2,New
15745,19.0,4,1094.5900000000001,4,Loyal
15746,134.0,1,196.88,2,New
15747,12.0,9,2499.81,4,Loyal
15748,40.0,3,609.8100000000001,2,New
15749,235.0,3,44534.3,4,Loyal
15750,2.0,18,6452.991,0,Champions
15751,460.0,11,1380.44,3,At Risk
15752,39.0,9,3924.91,4,Loyal
15753,304.0,1,79.2,1,Lost
15754,51.0,9,3037.61,4,Loyal
15755,10.0,17,5993.12,0,Champions
15756,61.0,4,528.01,2,New
15757,65.0,6,2940.36,4,Loyal
15758,24.0,1,205.25,2,New
15759,218.0,7,830.9300000000001,4,Loyal
15760,630.0,2,13916.34,3,At Risk
15761,442.0,1,143.04999999999998,1,Lost
15762,65.0,2,583.75,2,New
15763,31.0,2,1086.92,2,New
15764,88.0,8,4503.08,4,Loyal
15765,666.0,1,370.63,1,Lost
15766,64.0,3,831.06,2,New
15768,115.0,34,15308.89,0,Champions
15769,7.0,46,88612.52,0,Champions
15770,612.0,1,321.45,1,Lost
15771,604.0,3,1006.54,3,At Risk
15772,418.0,1,280.88,1,Lost
15773,5.0,2,774.5200000000001,2,New
15774,68.0,6,1288.3400000000001,4,Loyal
15775,245.0,2,150.5,2,New
15776,133.0,1,241.62,2,New
15777,241.0,7,1762.61,4,Loyal
15778,431.0,1,307.95,1,Lost
15779,463.0,2,124.08,1,Lost
15780,183.0,3,475.28000000000003,2,New
15781,25.0,3,345.46000000000004,2,New
15782,9.0,4,4014.1,4,Loyal
15783,10.0,1,246.3,2,New
15784,467.0,2,848.3299999999999,3,At Risk
15785,32.0,16,5969.93,0,Champions
15786,46.0,5,8501.62,4,Loyal
15787,26.0,3,933.26,4,Loyal
15788,508.0,1,221.83,1,Lost
15789,358.0,6,1962.01,3,At Risk
15790,10.0,1,218.75,2,New
15791,43.0,5,3608.34,4,Loyal
15792,399.0,2,933.84,3,At Risk
15793,14.0,8,2399.57,4,Loyal
15794,736.0,2,777.0,1,Lost
15795,149.0,8,1979.87,4,Loyal
15796,1.0,17,5171.63,0,Champions
15797,113.0,6,2821.08,4,Loyal
15798,492.0,3,1535.37,3,At Risk
15799,75.0,4,1421.34,4,Loyal
15800,107.0,7,1227.07,4,Loyal
15801,46.0,3,1063.95,4,Loyal
15802,142.0,1,451.42,2,New
15803,51.0,4,1929.6599999999999,4,Loyal
15804,0.0,13,4206.39,0,Champions
15805,23.0,30,10148.93,0,Champions
15806,46.0,3,784.58,2,New
15807,50.0,5,1817.52,4,Loyal
15808,306.0,21,17180.25,0,Champions
15809,36.0,7,1274.44,4,Loyal
15810,78.0,8,2999.04,4,Loyal
15811,22.0,7,3486.15,4,Loyal
15812,107.0,12,5201.47,0,Champions
15813,207.0,2,1303.9099999999999,3,At Risk
15814,16.0,6,2634.44,4,Loyal
15815,63.0,5,2100.6,4,Loyal
15816,542.0,2,144.14999999999998,1,Lost
15817,420.0,3,2766.3999999999996,3,At Risk
15818,588.0,1,340.5,1,Lost
15819,49.0,10,3934.79,4,Loyal
15820,319.0,1,206.98,1,Lost
15821,44.0,2,570.96,2,New
15822,3.0,6,1840.06,4,Loyal
15823,372.0,3,3882.17,3,At Risk
15824,453.0,2,890.94,3,At Risk
15825,172.0,1,532.94,2,New
15826,56.0,4,2598.28,4,Loyal
15827,73.0,28,3603.14,0,Champions
15828,375.0,1,1108.82,3,At Risk
15829,99.0,2,636.14,2,New
15830,37.0,1,576.0,2,New
15831,58.0,3,794.64,2,New
15832,254.0,1,836.79,2,New
15833,737.0,1,80.4,1,Lost
15834,70.0,7,3764.39,4,Loyal
15835,44.0,4,954.09,4,Loyal
15836,50.0,1,137.37,2,New
15837,64.0,2,777.01,2,New
15838,11.0,34,73205.5,0,Champions
15839,33.0,3,1048.49,4,Loyal
15840,58.0,2,355.56,2,New
15841,72.0,9,2742.4100000000003,4,Loyal
15842,393.0,2,548.8,3,At Risk
15843,303.0,1,118.95000000000002,1,Lost
15844,46.0,1,130.73999999999998,2,New
15845,17.0,11,4426.28,0,Champions
15846,385.0,1,107.01,1,Lost
15847,38.0,5,822.57,4,Loyal
15848,621.0,1,137.99,1,Lost
15850,19.0,6,1006.75,4,Loyal
15851,526.0,1,109.72999999999999,1,Lost
15852,186.0,3,257.26,2,New
15853,51.0,1,110.8,2,New
15854,4.0,21,5578.280000000001,0,Champions
15855,136.0,6,1052.72,4,Loyal
15856,4.0,52,32275.95,0,Champions
15857,18.0,2,570.48,2,New
15858,15.0,13,3552.4100000000003,0,Champions
15859,432.0,1,438.46,1,Lost
15860,40.0,17,2361.3,0,Champions
15861,12.0,12,4369.2,0,Champions
15862,8.0,13,2512.29,4,Loyal
15863,25.0,5,355.1,2,New
15864,22.0,7,2180.76,4,Loyal
15865,40.0,5,2241.42,4,Loyal
15866,101.0,1,211.89,2,New
15867,5.0,31,8923.3,0,Champions
15868,583.0,1,94.53,1,Lost
15869,277.0,3,321.11,3,At Risk
15870,32.0,4,857.46,4,Loyal
15871,437.0,1,33.1,1,Lost
15872,14.0,4,729.25,4,Loyal
15873,499.0,4,313.92,3,At Risk
15874,63.0,21,11284.76,0,Champions
15875,646.0,1,108.52,1,Lost
15876,409.0,2,1449.1399999999999,3,At Risk
15877,1.0,2,490.33000000000004,2,New
15878,561.0,2,330.77,1,Lost
15879,404.0,4,1137.8,3,At Risk
15880,369.0,1,329.03,1,Lost
15881,312.0,5,501.39000000000004,3,At Risk
15882,198.0,8,1124.66,4,Loyal
15883,2.0,2,396.48,2,New
15884,432.0,2,244.60000000000002,1,Lost
15885,92.0,15,1951.82,4,Loyal
15886,60.0,4,1052.8700000000001,4,Loyal
15887,406.0,3,1027.15,3,At Risk
15888,80.0,3,429.15999999999997,2,New
15889,156.0,8,1427.6,4,Loyal
15890,394.0,5,535.65,3,At Risk
15891,226.0,1,511.68,2,New
15892,669.0,1,128.2,1,Lost
15893,481.0,1,305.28000000000003,1,Lost
15894,253.0,2,258.25,2,New
15895,149.0,1,179.17,2,New
15897,194.0,2,208.58999999999997,2,New
15898,1.0,25,4996.45,0,Champions
15899,368.0,1,56.25,1,Lost
15900,23.0,4,886.5699999999999,4,Loyal
15901,16.0,7,687.72,4,Loyal
15902,380.0,1,145.01,1,Lost
15903,9.0,12,8939.84,0,Champions
15904,8.0,1,164.68,2,New
15905,543.0,1,114.69,1,Lost
15906,19.0,10,2530.19,4,Loyal
15907,3.0,3,882.72,4,Loyal
15908,490.0,2,758.62,3,At Risk
15909,173.0,1,191.93999999999997,2,New
15910,0.0,15,2661.17,0,Champions
15911,623.0,8,1700.24,3,At Risk
15912,178.0,9,1074.7,4,Loyal
15913,534.0,1,6.300000000000001,1,Lost
15914,378.0,2,205.98999999999998,1,Lost
15915,401.0,1,364.45,1,Lost
15916,16.0,13,3145.24,0,Champions
15917,247.0,5,530.17,3,At Risk
15918,190.0,3,582.88,2,New
15919,19.0,2,525.69,2,New
15920,154.0,9,569.14,4,Loyal
15921,172.0,4,775.26,4,Loyal
15922,373.0,1,369.5,1,Lost
15923,372.0,1,127.08,1,Lost
15924,731.0,1,102.82000000000001,1,Lost
15925,194.0,1,207.15,2,New
15926,542.0,1,134.44,1,Lost
15927,647.0,1,106.54,1,Lost
15928,656.0,1,293.53,1,Lost
15929,644.0,1,594.0,1,Lost
15930,67.0,1,426.63,2,New
15931,428.0,1,239.9,1,Lost
15932,4.0,8,2495.87,4,Loyal
15933,21.0,3,1107.46,4,Loyal
15934,417.0,2,2190.66,3,At Risk
15935,239.0,2,416.86,2,New
15936,379.0,2,282.79,1,Lost
15937,64.0,1,145.35,2,New
15938,112.0,9,734.81,4,Loyal
15939,89.0,16,9060.39,0,Champions
15940,311.0,1,35.8,1,Lost
15941,637.0,1,405.0,1,Lost
15942,133.0,1,337.44,2,New
15943,649.0,2,271.28999999999996,1,Lost
15944,276.0,4,2164.24,3,At Risk
15945,365.0,4,646.27,3,At Risk
15946,502.0,3,2304.18,3,At Risk
15947,82.0,1,1708.24,2,New
15948,8.0,3,1509.0900000000001,4,Loyal
15949,16.0,2,364.72,2,New
15950,31.0,10,7120.91,0,Champions
15951,8.0,3,1013.1700000000001,4,Loyal
15952,33.0,4,781.91,4,Loyal
15953,15.0,18,3440.3399999999997,0,Champions
15954,589.0,1,190.75,1,Lost
15955,24.0,22,8085.9800000000005,0,Champions
15956,551.0,2,617.5999999999999,3,At Risk
15957,31.0,3,921.25,4,Loyal
15958,74.0,4,462.12,2,New
15959,682.0,3,542.89,1,Lost
15960,374.0,4,410.95000000000005,3,At Risk
15961,379.0,1,451.29,1,Lost
15962,449.0,1,289.48,1,Lost
15963,19.0,2,470.76,2,New
15964,663.0,1,269.21000000000004,1,Lost
15965,17.0,13,2771.94,0,Champions
15966,450.0,1,426.53000000000003,1,Lost
15967,23.0,12,2966.0,4,Loyal
15968,388.0,1,404.55,1,Lost
15969,2.0,5,1127.05,4,Loyal
15970,303.0,2,1017.32,3,At Risk
15971,17.0,18,5902.83,0,Champions
15972,456.0,5,1769.33,3,At Risk
15973,366.0,3,680.62,3,At Risk
15974,39.0,7,3442.15,4,Loyal
15975,84.0,1,371.01,2,New
15976,165.0,6,1694.4099999999999,4,Loyal
15977,17.0,2,1054.73,2,New
15978,77.0,3,3279.42,4,Loyal
15979,602.0,1,329.21999999999997,1,Lost
15980,88.0,7,6543.679999999999,4,Loyal
15981,24.0,21,9362.77,0,Champions
15982,605.0,1,324.51,1,Lost
15983,22.0,8,3110.37,4,Loyal
15984,2.0,30,8393.02,0,Champions
15985,123.0,7,2715.28,4,Loyal
15986,30.0,2,354.42,2,New
15987,12.0,8,1535.99,4,Loyal
15988,19.0,3,738.89,2,New
15989,375.0,2,368.31,3,At Risk
15990,44.0,7,1997.75,4,Loyal
15991,534.0,1,150.54999999999998,1,Lost
15992,3.0,3,896.6,4,Loyal
15993,8.0,7,2777.67,4,Loyal
15994,54.0,3,1175.6799999999998,4,Loyal
15995,414.0,1,694.54,3,At Risk
15996,88.0,7,1386.4,4,Loyal
15998,36.0,16,8274.14,0,Champions
15999,735.0,1,20.4,1,Lost
16000,2.0,3,12393.7,4,Loyal
16001,381.0,1,583.39,3,At Risk
16002,625.0,1,169.21,1,Lost
16003,29.0,10,5613.83,0,Champions
16004,474.0,5,2146.39,3,At Risk
16005,12.0,10,2365.4900000000002,4,Loyal
16006,211.0,2,332.82,2,New
16007,47.0,7,3053.06,4,Loyal
16008,23.0,15,5339.13,0,Champions
16009,22.0,4,972.11,4,Loyal
16010,245.0,11,1694.86,4,Loyal
16011,8.0,29,5601.01,0,Champions
16012,35.0,5,2978.59,4,Loyal
16013,3.0,84,56078.44,0,Champions
16014,37.0,5,1100.28,4,Loyal
16015,3.0,3,704.55,2,New
16016,3.0,11,2083.4,4,Loyal
16017,47.0,5,1545.58,4,Loyal
16018,39.0,4,698.13,4,Loyal
16019,46.0,27,17329.16,0,Champions
16020,16.0,3,851.01,2,New
16021,395.0,2,487.03,3,At Risk
16022,260.0,1,602.63,2,New
16023,46.0,3,719.8100000000001,2,New
16024,12.0,3,483.99,2,New
16025,29.0,1,439.65999999999997,2,New
16026,43.0,1,236.09,2,New
16027,91.0,15,2048.36,4,Loyal
16028,595.0,1,82.2,1,Lost
16029,38.0,107,117763.62,0,Champions
16030,309.0,1,331.24,1,Lost
16031,92.0,2,547.9,2,New
16032,456.0,6,1965.72,3,At Risk
16033,5.0,27,10608.81,0,Champions
16034,196.0,6,911.3199999999999,4,Loyal
16035,560.0,1,217.73,1,Lost
16036,87.0,4,2556.84,4,Loyal
16037,269.0,5,1509.3400000000001,3,At Risk
16038,7.0,3,471.78,2,New
16039,423.0,2,456.40000000000003,3,At Risk
16040,65.0,7,2416.9,4,Loyal
16041,30.0,3,3166.4,4,Loyal
16042,22.0,8,2245.32,4,Loyal
16043,37.0,8,1856.5900000000001,4,Loyal
16044,435.0,1,340.84,1,Lost
16045,119.0,8,3434.9300000000003,4,Loyal
16046,562.0,1,235.78,1,Lost
16047,682.0,1,107.14,1,Lost
16048,373.0,4,818.7900000000001,3,At Risk
16049,40.0,6,1852.15,4,Loyal
16050,173.0,3,300.70000000000005,2,New
16051,681.0,1,188.44,1,Lost
16052,54.0,1,362.06,2,New
16053,32.0,6,3634.84,4,Loyal
16054,145.0,4,2111.88,4,Loyal
16055,220.0,1,134.8,2,New
16056,45.0,1,650.75,2,New
16057,16.0,10,3854.85,4,Loyal
16058,406.0,1,62.7,1,Lost
16059,65.0,12,3053.57,4,Loyal
16060,400.0,3,541.95,3,At Risk
16061,431.0,1,89.65,1,Lost
16062,9.0,8,2863.4500000000003,4,Loyal
16063,260.0,1,335.32,2,New
16064,725.0,1,109.31,1,Lost
16065,365.0,8,1992.13,3,At Risk
16066,16.0,5,1521.04,4,Loyal
16067,562.0,3,3269.11,3,At Risk
16068,593.0,1,115.73,1,Lost
16069,417.0,1,457.7,1,Lost
16070,22.0,2,852.1500000000001,2,New
16071,44.0,4,1076.8,4,Loyal
16072,288.0,4,4180.09,3,At Risk
16073,297.0,1,122.39999999999999,1,Lost
16074,390.0,1,252.5,1,Lost
16075,502.0,2,736.9300000000001,3,At Risk
16076,3.0,10,2234.73,4,Loyal
16077,625.0,1,2300.4,3,At Risk
16078,283.0,2,362.99,2,New
16079,16.0,3,1352.0,4,Loyal
16080,81.0,4,602.5600000000001,2,New
16081,56.0,8,4278.96,4,Loyal
16082,670.0,1,106.75,1,Lost
16083,100.0,4,2351.42,4,Loyal
16084,299.0,1,436.18,2,New
16085,23.0,12,2341.03,4,Loyal
16086,59.0,10,2687.73,4,Loyal
16087,389.0,5,1739.92,3,At Risk
16088,575.0,2,1437.4299999999998,3,At Risk
16089,386.0,2,263.49,1,Lost
16090,624.0,1,180.56,1,Lost
16091,154.0,2,315.06,2,New
16092,114.0,6,1587.94,4,Loyal
16093,106.0,1,17.0,2,New
16094,11.0,11,3695.56,0,Champions
16095,456.0,1,447.05,1,Lost
16096,264.0,4,1584.97,3,At Risk
16097,240.0,1,185.04999999999998,2,New
16098,87.0,14,4010.7,0,Champions
16099,50.0,7,1573.2,4,Loyal
16100,462.0,1,582.64,1,Lost
16101,70.0,4,3229.16,4,Loyal
16102,42.0,3,1842.14,4,Loyal
16103,7.0,22,6191.71,0,Champions
16104,61.0,9,2774.46,4,Loyal
16105,248.0,5,2386.19,4,Loyal
16106,65.0,1,108.38,2,New
16107,17.0,7,3204.1600000000003,4,Loyal
16108,84.0,4,2235.92,4,Loyal
16109,218.0,3,939.48,3,At Risk
16110,45.0,4,1781.59,4,Loyal
16111,428.0,1,549.33,1,Lost
16112,143.0,4,195.74,2,New
16113,183.0,1,161.38,2,New
16114,170.0,1,135.75000000000003,2,New
16115,9.0,12,2553.8,4,Loyal
16116,211.0,1,612.78,2,New
16117,189.0,3,654.4,2,New
16118,652.0,1,4376.25,3,At Risk
16119,8.0,8,1720.8100000000002,4,Loyal
16120,59.0,6,2967.51,4,Loyal
16121,57.0,5,1450.04,4,Loyal
16122,73.0,6,895.62,4,Loyal
16123,51.0,1,307.78,2,New
16124,317.0,4,1772.49,3,At Risk
16125,367.0,14,4292.35,0,Champions
16126,29.0,15,14644.6,0,Champions
16127,39.0,2,801.31,2,New
16128,17.0,11,3801.05,0,Champions
16129,407.0,3,1396.05,3,At Risk
16130,422.0,4,987.48,3,At Risk
16131,51.0,12,9957.42,0,Champions
16132,544.0,2,664.2,3,At Risk
16133,3.0,56,22992.260000000002,0,Champions
16134,21.0,5,2145.34,4,Loyal
16135,262.0,2,819.4499999999999,3,At Risk
16136,59.0,4,946.8,4,Loyal
16137,680.0,1,422.7,1,Lost
16138,378.0,3,910.35,3,At Risk
16139,18.0,5,1111.15,4,Loyal
16140,65.0,3,1433.46,4,Loyal
16141,88.0,2,955.94,2,New
16142,249.0,1,535.34,2,New
16143,3.0,12,4555.08,0,Champions
16144,246.0,1,175.2,2,New
16145,8.0,19,6805.4400000000005,0,Champions
16146,157.0,4,946.38,4,Loyal
16147,133.0,5,2398.91,4,Loyal
16148,296.0,2,386.62,3,At Risk
16149,4.0,3,422.22,2,New
16150,42.0,10,4002.17,4,Loyal
16152,268.0,1,1829.04,3,At Risk
16153,49.0,11,5133.49,0,Champions
16155,381.0,5,796.9,3,At Risk
16156,8.0,20,6188.18,0,Champions
16157,15.0,3,656.69,2,New
16158,522.0,9,628.32,3,At Risk
16159,281.0,4,1232.79,3,At Risk
16160,65.0,2,1025.44,2,New
16161,1.0,43,12580.06,0,Champions
16162,252.0,1,37.4,1,Lost
16163,232.0,6,2407.98,4,Loyal
16164,17.0,3,822.48,2,New
16165,505.0,1,79.9,1,Lost
16166,428.0,2,435.83000000000004,3,At Risk
16167,414.0,5,1386.1200000000001,3,At Risk
16168,10.0,66,10360.67,0,Champions
16169,8.0,4,1822.97,4,Loyal
16170,50.0,20,6869.0,0,Champions
16171,59.0,1,73.2,2,New
16172,95.0,8,1884.55,4,Loyal
16173,15.0,6,1418.32,4,Loyal
16174,126.0,7,2246.75,4,Loyal
16175,94.0,7,1836.4399999999998,4,Loyal
16176,421.0,4,2052.69,3,At Risk
16177,50.0,8,2247.31,4,Loyal
16178,138.0,2,612.6,2,New
16179,60.0,1,215.83,2,New
16180,100.0,13,16249.87,0,Champions
16181,73.0,1,305.54,2,New
16182,72.0,9,9971.65,0,Champions
16183,67.0,4,1077.81,4,Loyal
16184,64.0,6,1158.79,4,Loyal
16185,16.0,3,644.72,2,New
16186,22.0,26,8718.43,0,Champions
16187,31.0,15,6911.4400000000005,0,Champions
16188,44.0,5,1087.66,4,Loyal
16189,15.0,2,215.48,2,New
16190,40.0,8,2723.55,4,Loyal
16191,2.0,24,15677.82,0,Champions
16192,735.0,1,351.3,1,Lost
16193,236.0,2,630.4300000000001,2,New
16194,375.0,1,308.59999999999997,1,Lost
16195,723.0,1,323.25,1,Lost
16196,488.0,1,93.3,1,Lost
16197,469.0,9,2016.71,3,At Risk
16198,75.0,2,1030.0410000000002,2,New
16199,392.0,7,942.75,3,At Risk
16200,4.0,12,5608.1,0,Champions
16201,3.0,5,2112.12,4,Loyal
16202,360.0,9,2501.99,3,At Risk
16203,58.0,6,943.8399999999999,4,Loyal
16204,23.0,3,918.71,4,Loyal
16205,30.0,7,1820.11,4,Loyal
16206,54.0,13,2589.87,4,Loyal
16207,25.0,1,394.38,2,New
16208,44.0,10,3440.45,4,Loyal
16209,88.0,9,4146.78,4,Loyal
16210,1.0,35,33750.97,0,Champions
16211,88.0,3,1090.59,4,Loyal
16212,19.0,4,1293.71,4,Loyal
16213,78.0,1,159.0,2,New
16214,170.0,4,2038.25,4,Loyal
16215,80.0,1,242.35,2,New
16216,267.0,1,914.9300000000001,3,At Risk
16217,235.0,2,304.25,2,New
16218,29.0,13,3968.67,0,Champions
16219,500.0,1,40.8,1,Lost
16221,36.0,9,2019.92,4,Loyal
16222,318.0,2,1272.0500000000002,3,At Risk
16223,374.0,2,1087.0500000000002,3,At Risk
16224,57.0,5,1616.54,4,Loyal
16225,44.0,15,2859.31,0,Champions
16226,203.0,5,672.1700000000001,4,Loyal
16227,225.0,3,1027.22,3,At Risk
16228,385.0,3,885.71,3,At Risk
16229,87.0,6,2867.86,4,Loyal
16230,189.0,2,542.03,2,New
16231,379.0,4,1074.47,3,At Risk
16232,43.0,7,2712.97,4,Loyal
16233,71.0,9,1818.31,4,Loyal
16234,476.0,3,333.18,3,At Risk
16235,40.0,9,2053.71,4,Loyal
16236,78.0,1,432.2,2,New
16237,437.0,1,136.65,1,Lost
16238,422.0,1,63.66,1,Lost
16239,56.0,6,1492.2,4,Loyal
16240,24.0,2,3718.8,4,Loyal
16241,9.0,16,3992.86,0,Champions
16242,8.0,14,7404.65,0,Champions
16243,33.0,2,409.1,2,New
16244,211.0,2,1522.75,3,At Risk
16245,23.0,3,1413.66,4,Loyal
16246,459.0,2,821.35,3,At Risk
16247,170.0,1,114.56,2,New
16248,61.0,1,152.94,2,New
16249,52.0,5,1800.0700000000002,4,Loyal
16250,261.0,3,565.24,3,At Risk
16251,512.0,1,128.31,1,Lost
16252,382.0,1,295.09,1,Lost
16253,66.0,7,7272.2,4,Loyal
16254,378.0,3,967.44,3,At Risk
16255,16.0,15,4530.0,0,Champions
16256,266.0,3,1629.3700000000001,3,At Risk
16257,176.0,1,46.95,2,New
16258,45.0,15,11942.52,0,Champions
16259,410.0,3,340.94,3,At Risk
16260,50.0,1,1035.45,2,New
16261,17.0,6,1041.16,4,Loyal
16262,378.0,1,755.15,3,At Risk
16263,423.0,1,348.16,1,Lost
16264,438.0,2,823.53,3,At Risk
16265,9.0,12,6935.17,0,Champions
16266,73.0,14,1757.95,4,Loyal
16267,591.0,1,186.66,1,Lost
16268,71.0,2,667.65,2,New
16269,437.0,1,717.57,3,At Risk
16270,353.0,1,1141.24,3,At Risk
16271,2.0,10,3397.82,4,Loyal
16272,116.0,1,411.7,2,New
16273,648.0,2,318.34000000000003,1,Lost
16274,373.0,1,351.75,1,Lost
16275,196.0,3,2151.11,4,Loyal
16276,176.0,3,2629.3900000000003,4,Loyal
16277,733.0,1,188.69,1,Lost
16278,100.0,3,1117.84,4,Loyal
16279,21.0,9,5698.280000000001,0,Champions
16280,725.0,1,238.05,1,Lost
16281,72.0,3,3424.02,4,Loyal
16282,339.0,3,1307.58,3,At Risk
16283,5.0,8,4350.32,4,Loyal
16284,31.0,3,1018.48,4,Loyal
16285,646.0,1,176.9,1,Lost
16286,477.0,2,328.95,1,Lost
16287,169.0,5,1006.98,4,Loyal
16288,470.0,1,129.85,1,Lost
16289,462.0,1,136.31,1,Lost
16290,464.0,4,1957.7,3,At Risk
16291,682.0,1,117.72,1,Lost
16292,121.0,5,1253.76,4,Loyal
16293,21.0,15,4279.2,0,Champions
16294,476.0,1,126.05000000000001,1,Lost
16295,9.0,4,1328.55,4,Loyal
16296,626.0,4,1313.67,3,At Risk
16297,268.0,1,301.9,2,New
16298,22.0,7,1085.7,4,Loyal
16299,477.0,1,193.65,1,Lost
16300,430.0,3,1367.3200000000002,3,At Risk
16301,736.0,1,107.33,1,Lost
16302,126.0,1,233.22,2,New
16303,25.0,7,7928.27,4,Loyal
16304,694.0,1,381.66,1,Lost
16305,138.0,1,361.21999999999997,2,New
16306,213.0,7,1124.72,4,Loyal
16307,429.0,3,1194.92,3,At Risk
16308,37.0,7,5120.0,4,Loyal
16309,106.0,2,706.5699999999999,2,New
16310,414.0,2,460.08,3,At Risk
16311,17.0,2,616.26,2,New
16312,432.0,1,171.15,1,Lost
16313,3.0,2,274.15,2,New
16314,389.0,3,1491.4,3,At Risk
16315,330.0,2,402.71000000000004,3,At Risk
16316,64.0,13,5744.91,0,Champions
16317,119.0,5,2192.51,4,Loyal
16318,35.0,1,328.15,2,New
16319,217.0,1,404.40000000000003,2,New
16320,172.0,6,5628.99,4,Loyal
16321,72.0,7,604.5500000000001,4,Loyal
16322,1.0,2,326.75,2,New
16323,196.0,2,353.66,2,New
16324,128.0,3,408.59000000000003,2,New
16325,46.0,12,3597.5,0,Champions
16326,5.0,24,4721.25,0,Champions
16327,14.0,16,10159.64,0,Champions
16328,563.0,1,310.83,1,Lost
16329,427.0,4,1664.92,3,At Risk
16330,17.0,7,625.38,4,Loyal
16331,432.0,6,2037.7,3,At Risk
16332,28.0,11,2000.01,4,Loyal
16333,7.0,22,26626.8,0,Champions
16334,492.0,1,263.73,1,Lost
16335,551.0,7,2753.52,3,At Risk
16336,420.0,4,3517.69,3,At Risk
16337,36.0,1,151.05,2,New
16338,157.0,1,214.8,2,New
16339,284.0,1,94.05,1,Lost
16340,107.0,3,1496.24,4,Loyal
16341,24.0,7,3850.79,4,Loyal
16342,75.0,4,322.40999999999997,2,New
16343,16.0,3,614.12,2,New
16344,158.0,4,842.42,4,Loyal
16345,44.0,2,1178.79,2,New
16346,385.0,1,224.51,1,Lost
16347,11.0,11,3442.96,4,Loyal
16348,32.0,8,1744.42,4,Loyal
16349,290.0,1,53.5,1,Lost
16350,21.0,9,2253.89,4,Loyal
16351,332.0,13,3330.03,0,Champions
16352,17.0,2,494.44,2,New
16353,3.0,38,9795.460000000001,0,Champions
16354,63.0,5,1119.46,4,Loyal
16355,375.0,1,416.35,1,Lost
16356,197.0,6,415.87,4,Loyal
16357,33.0,4,868.37,4,Loyal
16358,1.0,5,2919.65,4,Loyal
16359,7.0,16,2697.75,0,Champions
16360,4.0,6,3450.4100000000003,4,Loyal
16361,9.0,4,891.21,4,Loyal
16362,32.0,6,922.16,4,Loyal
16363,53.0,1,109.36,2,New
16364,11.0,2,705.79,2,New
16365,17.0,15,3167.3399999999997,0,Champions
16366,18.0,4,1548.13,4,Loyal
16367,37.0,3,1350.48,4,Loyal
16368,2.0,3,621.44,2,New
16369,18.0,7,2656.56,4,Loyal
16370,82.0,4,1301.91,4,Loyal
16371,448.0,1,157.20000000000002,1,Lost
16372,33.0,5,1290.31,4,Loyal
16373,382.0,2,309.49,1,Lost
16374,66.0,5,1723.4,4,Loyal
16375,470.0,2,104.0,1,Lost
16376,8.0,2,974.96,2,New
16377,267.0,2,1308.48,3,At Risk
16378,247.0,3,362.95,2,New
16379,4.0,4,2157.4,4,Loyal
16380,61.0,1,1743.15,2,New
16381,395.0,2,247.85,1,Lost
16382,408.0,2,353.1,1,Lost
16383,74.0,7,2896.69,4,Loyal
16384,89.0,4,1358.95,4,Loyal
16385,60.0,5,881.35,4,Loyal
16386,28.0,3,1068.16,4,Loyal
16387,322.0,5,882.46,3,At Risk
16388,653.0,1,186.05,1,Lost
16389,53.0,4,1382.07,4,Loyal
16390,536.0,3,467.50000000000006,3,At Risk
16391,400.0,4,1052.26,3,At Risk
16392,269.0,3,756.6999999999999,3,At Risk
16393,2.0,23,5297.7699999999995,0,Champions
16394,56.0,5,1555.3400000000001,4,Loyal
16395,60.0,14,3518.41,0,Champions
16396,476.0,1,137.8,1,Lost
16397,628.0,1,123.13,1,Lost
16398,154.0,2,1705.8000000000002,4,Loyal
16399,19.0,3,630.22,2,New
16400,94.0,9,3059.85,4,Loyal
16401,1.0,23,6849.15,0,Champions
16402,264.0,2,293.45,2,New
16403,312.0,1,177.5,1,Lost
16404,70.0,1,443.05,2,New
16405,302.0,2,167.25,1,Lost
16406,18.0,3,528.36,2,New
16407,12.0,14,2761.65,0,Champions
16408,591.0,1,231.93,1,Lost
16409,36.0,12,5652.74,0,Champions
16410,734.0,1,130.32,1,Lost
16411,19.0,4,756.3900000000001,4,Loyal
16412,53.0,5,593.19,4,Loyal
16413,56.0,2,522.03,2,New
16414,21.0,5,551.21,4,Loyal
16415,44.0,3,696.76,2,New
16416,26.0,9,2957.88,4,Loyal
16417,492.0,1,35.7,1,Lost
16418,44.0,5,1028.74,4,Loyal
16419,112.0,8,1463.7,4,Loyal
16420,396.0,1,75.0,1,Lost
16421,376.0,3,526.27,3,At Risk
16422,17.0,109,61920.87,0,Champions
16423,24.0,1,346.12,2,New
16424,191.0,2,443.06,2,New
16425,302.0,1,302.7,1,Lost
16426,2.0,10,1863.76,4,Loyal
16427,263.0,2,241.06,2,New
16428,413.0,3,638.49,3,At Risk
16429,106.0,1,284.55,2,New
16430,57.0,7,1117.94,4,Loyal
16431,213.0,3,623.28,2,New
16432,64.0,1,287.4,2,New
16433,28.0,2,384.52,2,New
16434,29.0,12,2673.69,4,Loyal
16435,512.0,3,1003.0699999999999,3,At Risk
16436,668.0,3,319.14,1,Lost
16437,381.0,2,301.25,1,Lost
16438,5.0,5,798.35,4,Loyal
16439,722.0,1,310.70000000000005,1,Lost
16440,7.0,6,3856.97,4,Loyal
16441,67.0,5,1019.13,4,Loyal
16442,1.0,5,891.98,4,Loyal
16443,520.0,1,162.24,1,Lost
16444,46.0,17,3625.88,0,Champions
16445,33.0,4,583.16,2,New
16446,0.0,2,168472.5,0,Champions
16447,135.0,3,727.1,2,New
16448,198.0,2,361.12,2,New
16449,197.0,2,707.69,2,New
16450,149.0,3,1505.73,4,Loyal
16451,87.0,3,1013.1500000000001,4,Loyal
16452,630.0,2,332.17,1,Lost
16453,530.0,2,251.71,1,Lost
16454,44.0,4,30.95,2,New
16455,63.0,11,3995.57,0,Champions
16456,99.0,13,6000.94,0,Champions
16457,218.0,1,208.36,2,New
16458,2.0,30,5690.89,0,Champions
16459,729.0,1,71.79,1,Lost
16460,28.0,3,811.23,2,New
16461,177.0,3,1545.8300000000002,4,Loyal
16462,73.0,3,136.0,2,New
16463,21.0,4,1422.4,4,Loyal
16464,19.0,3,1298.6599999999999,4,Loyal
16465,420.0,2,746.24,3,At Risk
16466,33.0,15,3767.09,0,Champions
16467,508.0,7,2869.16,3,At Risk
16468,74.0,3,787.52,2,New
16469,23.0,5,803.9,4,Loyal
16470,51.0,11,2416.85,4,Loyal
16471,274.0,4,1189.98,3,At Risk
16472,434.0,2,789.5999999999999,3,At Risk
16473,164.0,4,470.83,2,New
16474,7.0,7,1810.65,4,Loyal
16475,88.0,4,544.3,2,New
16476,431.0,1,350.35,1,Lost
16477,63.0,11,4094.37,0,Champions
16478,25.0,3,331.0,2,New
16479,10.0,2,300.83000000000004,2,New
16480,75.0,1,769.29,2,New
16481,682.0,1,453.38,1,Lost
16482,15.0,1,220.62,2,New
16483,192.0,1,139.35,2,New
16484,173.0,2,404.3,2,New
16485,77.0,5,2287.19,4,Loyal
16486,537.0,1,134.36,1,Lost
16487,577.0,2,209.4,1,Lost
16488,33.0,3,498.8,2,New
16489,380.0,2,303.7,1,Lost
16490,436.0,1,205.41000000000003,1,Lost
16491,46.0,2,1533.1599999999999,4,Loyal
16492,540.0,1,385.56,1,Lost
16493,79.0,7,2132.09,4,Loyal
16494,296.0,1,826.53,3,At Risk
16495,3.0,3,648.26,2,New
16496,8.0,6,2330.77,4,Loyal
16497,49.0,23,6695.28,0,Champions
16498,161.0,2,100.97,2,New
16499,360.0,8,2578.34,3,At Risk
16500,4.0,9,843.91,4,Loyal
16501,383.0,1,1191.23,3,At Risk
16502,620.0,2,258.55,1,Lost
16503,106.0,11,3614.34,4,Loyal
16504,25.0,1,465.88,2,New
16505,31.0,1,777.6,2,New
16506,19.0,2,90.30000000000001,2,New
16507,572.0,1,142.71,1,Lost
16508,630.0,1,240.95,1,Lost
16509,296.0,1,363.7,2,New
16510,372.0,6,1777.5,3,At Risk
16511,21.0,6,1760.49,4,Loyal
16513,4.0,4,874.59,4,Loyal
16515,52.0,10,3179.06,4,Loyal
16516,30.0,1,101.7,2,New
16517,277.0,1,162.7,2,New
16518,61.0,4,959.37,4,Loyal
16519,25.0,4,439.06,2,New
16520,186.0,6,2148.38,4,Loyal
16521,415.0,3,1140.11,3,At Risk
16522,435.0,2,433.36,3,At Risk
16523,1.0,28,11916.33,0,Champions
16524,446.0,2,306.19,1,Lost
16525,2.0,48,24151.3,0,Champions
16526,171.0,2,717.21,2,New
16527,81.0,2,1232.94,2,New
16528,3.0,1,244.41,2,New
16529,190.0,4,1986.8,4,Loyal
16530,668.0,1,48.349999999999994,1,Lost
16531,22.0,11,2298.33,4,Loyal
16532,17.0,5,8756.64,4,Loyal
16533,19.0,3,1082.81,4,Loyal
16534,642.0,1,635.9,1,Lost
16535,5.0,3,972.04,4,Loyal
16536,110.0,1,548.12,2,New
16537,641.0,1,23.35,1,Lost
16538,541.0,3,395.07,1,Lost
16539,2.0,10,3289.66,4,Loyal
16540,414.0,1,205.75,1,Lost
16541,735.0,1,424.03,1,Lost
16542,53.0,2,257.32,2,New
16543,591.0,1,292.21,1,Lost
16544,519.0,4,376.70000000000005,3,At Risk
16545,164.0,2,689.8199999999999,2,New
16546,290.0,5,5307.07,4,Loyal
16547,546.0,1,104.25999999999999,1,Lost
16548,599.0,1,30.15,1,Lost
16549,10.0,34,12781.8,0,Champions
16550,108.0,18,8813.58,0,Champions
16551,95.0,7,2237.12,4,Loyal
16552,242.0,2,379.73,2,New
16553,163.0,33,16584.010000000002,0,Champions
16554,42.0,8,2841.72,4,Loyal
16555,35.0,6,1915.68,4,Loyal
16556,66.0,17,8012.58,0,Champions
16557,24.0,2,281.85,2,New
16558,0.0,38,13304.11,0,Champions
16559,397.0,1,175.0,1,Lost
16560,26.0,8,3048.38,4,Loyal
16561,5.0,2,511.12,2,New
16562,476.0,1,223.85999999999999,1,Lost
16563,53.0,6,4412.56,4,Loyal
16564,569.0,1,87.8,1,Lost
16565,364.0,4,773.05,3,At Risk
16566,15.0,5,614.66,4,Loyal
16567,194.0,2,865.5999999999999,2,New
16568,427.0,2,1020.9000000000001,3,At Risk
16569,3.0,5,1455.23,4,Loyal
16570,15.0,20,7434.31,0,Champions
16571,26.0,10,4248.74,4,Loyal
16572,127.0,3,1009.5999999999999,4,Loyal
16573,84.0,2,663.61,2,New
16574,71.0,3,1301.78,4,Loyal
16576,420.0,2,540.87,3,At Risk
16577,666.0,1,380.0,1,Lost
16578,626.0,1,156.6,1,Lost
16579,425.0,1,295.05,1,Lost
16581,182.0,1,105.84,2,New
16582,113.0,1,313.62,2,New
16583,373.0,2,297.95000000000005,1,Lost
16584,80.0,5,3156.17,4,Loyal
16585,593.0,2,341.59000000000003,1,Lost
16586,248.0,3,1462.78,3,At Risk
16587,232.0,1,225.15,2,New
16588,386.0,4,1361.28,3,At Risk
16589,71.0,4,612.36,2,New
16590,400.0,2,605.9,3,At Risk
16591,68.0,1,213.5,2,New
16592,4.0,28,7807.91,0,Champions
16593,50.0,8,1071.1399999999999,4,Loyal
16594,75.0,1,181.09,2,New
16595,61.0,5,1757.75,4,Loyal
16596,15.0,4,458.98,2,New
16597,4.0,1,90.04,2,New
16598,285.0,1,145.04999999999998,1,Lost
16599,385.0,1,172.8,1,Lost
16600,4.0,13,2153.41,4,Loyal
16601,40.0,3,677.0,2,New
16602,36.0,2,763.33,2,New
16603,74.0,2,482.47,2,New
16604,562.0,2,432.45,1,Lost
16605,724.0,1,60.48,1,Lost
16606,404.0,2,357.66,1,Lost
16607,17.0,25,5706.87,0,Champions
16608,453.0,2,1286.6200000000001,3,At Risk
16609,15.0,7,5493.46,4,Loyal
16610,219.0,1,75.66,2,New
16611,186.0,6,1785.13,4,Loyal
16612,32.0,9,3245.4300000000003,4,Loyal
16613,70.0,1,618.59,2,New
16614,182.0,3,1179.79,4,Loyal
16615,626.0,1,291.5,1,Lost
16616,15.0,2,500.41999999999996,2,New
16617,235.0,1,151.85,2,New
16618,31.0,5,2647.59,4,Loyal
16619,263.0,4,1938.33,3,At Risk
16620,3.0,6,1758.93,4,Loyal
16621,51.0,4,813.48,4,Loyal
16622,543.0,1,225.4,1,Lost
16623,245.0,4,1015.24,3,At Risk
16624,80.0,2,810.5699999999999,2,New
16625,274.0,5,1654.03,3,At Risk
16626,0.0,17,4413.1,0,Champions
16627,79.0,1,322.8,2,New
16628,29.0,7,2318.1,4,Loyal
16629,73.0,2,408.63,2,New
16630,407.0,1,106.80000000000001,1,Lost
16631,481.0,7,1892.5200000000002,3,At Risk
16632,485.0,2,406.4,1,Lost
16633,17.0,6,2883.1,4,Loyal
16634,222.0,6,1649.81,4,Loyal
16635,406.0,1,473.0,1,Lost
16636,438.0,4,3802.04,3,At Risk
16637,32.0,4,1154.47,4,Loyal
16638,22.0,15,2380.13,0,Champions
16639,31.0,4,1747.98,4,Loyal
16640,397.0,1,179.4,1,Lost
16641,105.0,2,554.5,2,New
16642,4.0,3,1077.45,4,Loyal
16643,245.0,2,923.11,3,At Risk
16644,177.0,2,833.78,2,New
16645,735.0,1,160.39,1,Lost
16646,449.0,1,678.8,3,At Risk
16647,169.0,4,541.9,2,New
16648,42.0,3,672.8,2,New
16649,520.0,1,306.58,1,Lost
16650,71.0,7,1916.11,4,Loyal
16651,586.0,1,136.2,1,Lost
16652,58.0,16,17550.39,0,Champions
16653,16.0,2,1212.6599999999999,2,New
16654,141.0,8,1484.07,4,Loyal
16655,17.0,13,6423.26,0,Champions
16656,22.0,30,16833.170000000002,0,Champions
16657,9.0,4,874.4300000000001,4,Loyal
16658,368.0,6,690.83,3,At Risk
16659,189.0,1,39.12,2,New
16660,16.0,7,1879.55,4,Loyal
16661,540.0,4,932.76,3,At Risk
16662,394.0,1,151.05,1,Lost
16663,729.0,1,165.0,1,Lost
16664,569.0,1,109.2,1,Lost
16665,362.0,1,135.4,1,Lost
16666,19.0,2,217.71,2,New
16667,68.0,2,567.18,2,New
16668,15.0,13,862.42,4,Loyal
16669,23.0,3,1348.88,4,Loyal
16670,16.0,20,8030.15,0,Champions
16671,28.0,3,1692.2700000000002,4,Loyal
16672,2.0,20,8134.9400000000005,0,Champions
16673,679.0,1,171.13,1,Lost
16674,54.0,2,304.24,2,New
16675,441.0,2,608.8599999999999,3,At Risk
16676,33.0,6,2361.9,4,Loyal
16677,411.0,2,880.62,3,At Risk
16678,2.0,12,3109.9900000000002,0,Champions
16679,366.0,3,663.3100000000001,3,At Risk
16680,43.0,3,821.45,2,New
16681,72.0,7,1921.84,4,Loyal
16682,4.0,5,1028.0,4,Loyal
16683,533.0,1,320.25,1,Lost
16684,4.0,55,147142.77,0,Champions
16685,61.0,2,324.24,2,New
16686,47.0,16,4881.07,0,Champions
16687,390.0,1,157.63,1,Lost
16688,1.0,4,1260.86,4,Loyal
16689,75.0,2,422.6,2,New
16690,72.0,4,353.03,2,New
16691,418.0,2,178.83,1,Lost
16692,256.0,4,1914.6999999999998,3,At Risk
16693,68.0,5,1179.48,4,Loyal
16694,723.0,1,98.30000000000001,1,Lost
16695,561.0,2,191.9,1,Lost
16696,135.0,4,657.9000000000001,4,Loyal
16697,241.0,1,112.75,2,New
16698,226.0,2,1998.0,3,At Risk
16699,380.0,7,994.6,3,At Risk
16700,8.0,25,8830.77,0,Champions
16701,8.0,26,9916.73,0,Champions
16702,415.0,4,1110.83,3,At Risk
16704,618.0,2,664.16,1,Lost
16705,0.0,42,43515.051,0,Champions
16706,37.0,3,531.3499999999999,2,New
16707,400.0,4,533.41,3,At Risk
16708,45.0,1,656.63,2,New
16709,84.0,14,9056.01,0,Champions
16710,19.0,22,5921.35,0,Champions
16711,3.0,9,2868.48,4,Loyal
16712,9.0,13,4232.87,0,Champions
16713,18.0,32,14115.56,0,Champions
16714,218.0,4,1497.33,4,Loyal
16715,78.0,2,625.52,2,New
16716,266.0,3,2149.6800000000003,3,At Risk
16717,23.0,14,6663.68,0,Champions
16718,369.0,5,3006.0800000000004,3,At Risk
16719,14.0,14,3513.62,0,Champions
16720,26.0,3,758.74,2,New
16721,262.0,1,292.47,2,New
16722,17.0,22,8189.56,0,Champions
16723,91.0,4,1231.36,4,Loyal
16724,404.0,1,147.35,1,Lost
16725,302.0,14,1688.26,4,Loyal
16726,26.0,7,2063.88,4,Loyal
16727,364.0,4,1377.77,3,At Risk
16728,46.0,4,1048.28,4,Loyal
16729,38.0,21,7205.33,0,Champions
16730,52.0,3,743.11,2,New
16731,648.0,1,170.3,1,Lost
16732,31.0,4,4387.64,4,Loyal
16733,529.0,1,259.68,1,Lost
16734,52.0,3,646.76,2,New
16735,78.0,14,6217.41,0,Champions
16736,505.0,5,2956.56,3,At Risk
16737,53.0,2,835.1999999999999,2,New
16738,297.0,1,3.75,1,Lost
16739,176.0,2,786.4300000000001,2,New
16740,395.0,1,226.91,1,Lost
16741,625.0,1,173.06,1,Lost
16742,46.0,14,2799.87,0,Champions
16743,29.0,14,4212.150000000001,0,Champions
16744,11.0,7,1291.91,4,Loyal
16745,86.0,17,7180.7,0,Champions
16746,4.0,42,18046.75,0,Champions
16747,37.0,2,836.06,2,New
16748,17.0,14,3637.33,0,Champions
16749,591.0,2,4157.88,3,At Risk
16750,44.0,5,623.93,4,Loyal
16751,30.0,1,1764.72,2,New
16752,372.0,1,207.5,1,Lost
16753,58.0,1,223.92000000000002,2,New
16754,372.0,29,65500.07,0,Champions
16755,114.0,7,2864.68,4,Loyal
16756,214.0,7,1312.3700000000001,4,Loyal
16757,318.0,2,270.48,1,Lost
16758,65.0,1,369.34,2,New
16759,7.0,3,789.79,2,New
16760,430.0,1,228.0,1,Lost
16761,96.0,1,316.62,2,New
16762,19.0,3,1207.24,4,Loyal
16763,198.0,2,964.7,2,New
16764,3.0,13,2790.9500000000003,0,Champions
16765,294.0,2,454.75,3,At Risk
16766,273.0,2,1145.6,3,At Risk
16767,30.0,15,8056.76,0,Champions
16768,47.0,9,1698.57,4,Loyal
16769,260.0,4,1117.0500000000002,3,At Risk
16770,57.0,9,1778.93,4,Loyal
16771,33.0,10,3949.6,4,Loyal
16772,423.0,3,3698.05,3,At Risk
16773,57.0,3,421.24,2,New
16774,67.0,8,1567.48,4,Loyal
16775,10.0,16,2820.84,0,Champions
16776,60.0,2,592.51,2,New
16777,80.0,5,1292.18,4,Loyal
16778,74.0,2,245.94,2,New
16779,2.0,53,32809.03,0,Champions
16780,100.0,3,596.4,2,New
16781,372.0,2,623.0,3,At Risk
16782,10.0,38,9636.12,0,Champions
16783,436.0,1,391.95,1,Lost
16784,19.0,5,892.33,4,Loyal
16785,409.0,1,533.78,1,Lost
16786,393.0,1,51.839999999999996,1,Lost
16787,397.0,4,1017.53,3,At Risk
16788,123.0,5,1928.93,4,Loyal
16789,8.0,1,80.8,2,New
16790,3.0,6,1545.6200000000001,4,Loyal
16791,29.0,15,3957.63,0,Champions
16792,282.0,5,623.46,3,At Risk
16793,57.0,1,243.84,2,New
16794,1.0,15,2052.7,0,Champions
16795,365.0,3,2062.41,3,At Risk
16796,89.0,1,305.62,2,New
16797,393.0,5,1802.02,3,At Risk
16798,554.0,3,841.16,3,At Risk
16799,432.0,2,452.78,3,At Risk
16800,11.0,1,1162.65,2,New
16801,163.0,4,1594.23,4,Loyal
16802,679.0,2,582.61,1,Lost
16803,65.0,1,332.3,2,New
16804,23.0,3,536.99,2,New
16805,173.0,5,1091.34,4,Loyal
16806,103.0,4,762.16,4,Loyal
16807,142.0,6,2123.88,4,Loyal
16808,99.0,2,288.42,2,New
16809,23.0,9,1727.43,4,Loyal
16810,192.0,2,842.04,2,New
16811,4.0,2,547.0699999999999,2,New
16812,360.0,4,2392.0,3,At Risk
16813,8.0,10,1652.18,4,Loyal
16814,14.0,36,11924.85,0,Champions
16815,453.0,2,406.02,1,Lost
16816,103.0,4,417.06,2,New
16817,2.0,13,2560.7,4,Loyal
16818,10.0,11,3349.57,4,Loyal
16819,465.0,2,182.59,1,Lost
16820,95.0,1,497.61,2,New
16821,381.0,1,113.35,1,Lost
16822,686.0,1,181.39,1,Lost
16823,227.0,7,2243.09,4,Loyal
16824,15.0,3,686.24,2,New
16825,38.0,5,1826.8899999999999,4,Loyal
16826,51.0,1,341.7,2,New
16827,393.0,5,392.13,3,At Risk
16828,93.0,2,128.5,2,New
16829,156.0,2,513.32,2,New
16830,38.0,4,1207.5,4,Loyal
16831,564.0,1,91.8,1,Lost
16832,184.0,5,417.61,2,New
16833,1.0,6,2409.04,4,Loyal
16834,227.0,2,898.96,3,At Risk
16835,128.0,6,1456.66,4,Loyal
16836,39.0,4,782.37,4,Loyal
16837,31.0,11,3170.98,4,Loyal
16838,197.0,4,1159.6100000000001,4,Loyal
16839,8.0,44,21758.25,0,Champions
16840,603.0,2,139.85,1,Lost
16841,36.0,12,4006.06,0,Champions
16842,100.0,3,1264.19,4,Loyal
16843,42.0,35,19571.43,0,Champions
16844,562.0,2,614.34,3,At Risk
16845,618.0,1,253.88,1,Lost
16846,50.0,3,842.4100000000001,2,New
16847,43.0,2,614.8900000000001,2,New
16848,52.0,4,1411.6200000000001,4,Loyal
16849,186.0,1,124.57,2,New
16850,333.0,1,332.41,1,Lost
16851,4.0,3,342.45,2,New
16852,10.0,2,144.91,2,New
16854,417.0,2,1408.96,3,At Risk
16855,23.0,2,328.4,2,New
16856,14.0,3,358.49,2,New
16857,442.0,1,352.8,1,Lost
16858,368.0,10,4292.59,3,At Risk
16859,144.0,7,1932.4099999999999,4,Loyal
16860,452.0,3,1610.6200000000001,3,At Risk
16861,59.0,5,946.59,4,Loyal
16862,547.0,4,662.33,3,At Risk
16863,31.0,3,834.27,2,New
16864,434.0,2,409.25,3,At Risk
16865,401.0,1,130.95,1,Lost
16866,140.0,3,207.73999999999998,2,New
16867,689.0,1,76.74000000000001,1,Lost
16868,394.0,3,384.56,3,At Risk
16869,22.0,4,817.12,4,Loyal
16870,469.0,1,450.15999999999997,1,Lost
16871,22.0,6,2812.34,4,Loyal
16872,77.0,6,1213.13,4,Loyal
16873,4.0,12,14617.39,0,Champions
16874,379.0,1,209.89000000000001,1,Lost
16875,67.0,11,4234.53,0,Champions
16876,403.0,1,136.01,1,Lost
16877,12.0,6,846.62,4,Loyal
16878,84.0,1,13.3,2,New
16880,30.0,8,1813.21,4,Loyal
16881,66.0,1,432.0,2,New
16882,66.0,3,705.12,2,New
16883,187.0,19,2246.06,0,Champions
16884,37.0,4,1070.97,4,Loyal
16885,15.0,4,684.6,4,Loyal
16886,456.0,1,134.0,1,Lost
16887,35.0,3,658.1700000000001,2,New
16888,400.0,3,434.2,3,At Risk
16889,194.0,6,2526.65,4,Loyal
16890,476.0,3,285.40999999999997,1,Lost
16891,1.0,11,1727.94,4,Loyal
16892,1.0,7,754.75,4,Loyal
16893,366.0,2,249.89000000000001,1,Lost
16894,502.0,3,1306.96,3,At Risk
16895,64.0,5,1102.9,4,Loyal
16896,555.0,1,103.95,1,Lost
16897,299.0,2,289.78,2,New
16898,26.0,5,885.2099999999999,4,Loyal
16899,7.0,8,1695.77,4,Loyal
16900,16.0,3,887.11,4,Loyal
16901,729.0,1,204.26,1,Lost
16902,116.0,1,1706.88,2,New
16903,29.0,3,1041.75,4,Loyal
16904,4.0,21,4675.36,0,Champions
16905,5.0,17,4706.77,0,Champions
16906,81.0,7,1410.92,4,Loyal
16907,29.0,9,1470.89,4,Loyal
16908,722.0,1,252.59,1,Lost
16909,72.0,1,379.14,2,New
16910,4.0,8,1508.96,4,Loyal
16911,635.0,2,255.25,1,Lost
16912,28.0,15,4460.51,0,Champions
16913,290.0,3,423.91,3,At Risk
16914,36.0,1,183.76,2,New
16915,9.0,11,1543.18,4,Loyal
16916,23.0,4,902.02,4,Loyal
16917,276.0,2,1851.88,3,At Risk
16918,49.0,16,3206.54,0,Champions
16919,156.0,24,4909.66,0,Champions
16920,411.0,1,355.45,1,Lost
16921,61.0,3,409.21000000000004,2,New
16922,572.0,1,611.08,1,Lost
16923,12.0,32,13157.130000000001,0,Champions
16924,21.0,3,829.89,2,New
16925,540.0,1,125.65,1,Lost
16926,371.0,5,1169.6100000000001,3,At Risk
16927,115.0,3,543.05,2,New
16928,80.0,29,3897.5299999999997,0,Champions
16929,3.0,7,1295.39,4,Loyal
16930,26.0,3,378.89,2,New
16931,5.0,23,5032.22,0,Champions
16932,53.0,3,412.55,2,New
16933,1.0,9,3099.3,4,Loyal
16934,54.0,6,2083.14,4,Loyal
16935,381.0,3,530.86,3,At Risk
16936,25.0,2,548.29,2,New
16937,499.0,1,196.25,1,Lost
16938,8.0,9,6995.360000000001,0,Champions
16939,488.0,3,433.85,3,At Risk
16940,52.0,8,6427.66,4,Loyal
16941,611.0,1,33.0,1,Lost
16942,12.0,9,1904.99,4,Loyal
16943,211.0,5,1299.49,4,Loyal
16944,609.0,1,101.36,1,Lost
16945,21.0,33,8548.16,0,Champions
16946,383.0,5,1222.04,3,At Risk
16947,235.0,5,955.21,3,At Risk
16948,138.0,7,868.77,4,Loyal
16949,3.0,6,1286.27,4,Loyal
16950,56.0,10,3541.77,4,Loyal
16951,134.0,3,1277.75,4,Loyal
16952,109.0,5,795.83,4,Loyal
16953,30.0,1,20.8,2,New
16954,0.0,20,6081.88,0,Champions
16955,184.0,6,1120.31,4,Loyal
16956,17.0,1,308.74,2,New
16957,239.0,2,416.64,2,New
16958,435.0,1,778.49,3,At Risk
16959,87.0,1,117.35000000000001,2,New
16960,38.0,8,1990.88,4,Loyal
16961,116.0,3,794.56,2,New
16962,409.0,1,251.04,1,Lost
16963,187.0,1,110.55000000000001,2,New
16964,733.0,2,207.85,1,Lost
16965,226.0,1,201.19,2,New
16966,8.0,7,2154.97,4,Loyal
16967,189.0,1,319.02,2,New
16968,4.0,2,439.43,2,New
16969,39.0,3,650.41,2,New
16970,626.0,1,71.4,1,Lost
16971,38.0,1,357.21,2,New
16972,382.0,2,749.0,3,At Risk
16973,386.0,1,127.0,1,Lost
16974,522.0,2,365.5,1,Lost
16975,423.0,3,926.12,3,At Risk
16976,267.0,1,251.51999999999998,2,New
16977,395.0,4,496.0,3,At Risk
16978,77.0,3,768.88,2,New
16979,3.0,9,2859.74,4,Loyal
16980,255.0,3,1422.83,3,At Risk
16982,60.0,1,384.06,2,New
16983,12.0,11,3490.5299999999997,4,Loyal
16984,88.0,9,10350.53,0,Champions
16985,17.0,23,10923.16,0,Champions
16986,29.0,11,4888.75,0,Champions
16987,3.0,11,2521.4,4,Loyal
16988,5.0,2,382.67,2,New
16989,7.0,6,1133.25,4,Loyal
16990,218.0,2,344.0,2,New
16991,421.0,1,1041.21,3,At Risk
16992,10.0,13,5476.5,0,Champions
16993,463.0,2,1950.9499999999998,3,At Risk
16996,30.0,9,2123.61,4,Loyal
16997,288.0,3,702.0,3,At Risk
16998,149.0,5,402.0,2,New
16999,23.0,2,484.82000000000005,2,New
17000,396.0,2,406.3,3,At Risk
17001,0.0,19,6640.8,0,Champions
17002,85.0,7,2571.55,4,Loyal
17003,402.0,4,828.21,3,At Risk
17004,46.0,4,2324.36,4,Loyal
17005,470.0,2,622.36,3,At Risk
17006,4.0,8,1635.27,4,Loyal
17007,50.0,7,1120.1000000000001,4,Loyal
17008,429.0,1,81.36,1,Lost
17009,551.0,1,242.06,1,Lost
17010,18.0,1,195.36,2,New
17011,30.0,3,671.6999999999999,2,New
17012,725.0,1,360.61,1,Lost
17014,8.0,3,583.4300000000001,2,New
17015,28.0,3,1838.61,4,Loyal
17016,576.0,1,552.4,1,Lost
17017,2.0,29,12576.99,0,Champions
17018,40.0,6,2287.7,4,Loyal
17019,11.0,11,3602.29,4,Loyal
17020,542.0,2,935.62,3,At Risk
17021,442.0,6,1182.22,3,At Risk
17022,31.0,2,260.0,2,New
17023,417.0,3,800.18,3,At Risk
17024,45.0,3,95.85,2,New
17025,60.0,5,1349.67,4,Loyal
17026,185.0,3,175.82999999999998,2,New
17027,78.0,9,1310.63,4,Loyal
17028,581.0,3,1593.83,3,At Risk
17029,110.0,7,2137.3,4,Loyal
17030,63.0,1,146.87,2,New
17031,11.0,6,2773.85,4,Loyal
17032,547.0,8,2984.32,3,At Risk
17033,86.0,4,1332.79,4,Loyal
17034,16.0,5,1276.42,4,Loyal
17035,245.0,4,613.59,3,At Risk
17036,383.0,1,176.9,1,Lost
17037,87.0,1,1267.32,2,New
17038,30.0,2,743.17,2,New
17039,604.0,1,1954.99,3,At Risk
17040,137.0,2,463.25,2,New
17041,26.0,6,1655.2,4,Loyal
17042,2.0,5,1036.58,4,Loyal
17043,32.0,8,2593.65,4,Loyal
17044,25.0,12,11962.300000000001,0,Champions
17045,113.0,5,827.6800000000001,4,Loyal
17046,157.0,5,1906.07,4,Loyal
17047,85.0,6,2289.23,4,Loyal
17048,117.0,7,2071.6800000000003,4,Loyal
17049,2.0,19,9942.53,0,Champions
17050,96.0,11,4648.59,0,Champions
17051,194.0,4,706.49,4,Loyal
17052,28.0,1,399.09,2,New
17053,130.0,1,498.48,2,New
17054,28.0,5,1356.33,4,Loyal
17055,445.0,1,232.85,1,Lost
17056,738.0,1,128.6,1,Lost
17057,596.0,1,294.74,1,Lost
17058,81.0,3,1179.89,4,Loyal
17059,29.0,9,4864.57,4,Loyal
17060,266.0,1,234.24,2,New
17061,73.0,11,5232.2300000000005,0,Champions
17062,313.0,6,889.75,3,At Risk
17063,21.0,13,3638.53,0,Champions
17064,58.0,3,855.45,2,New
17065,637.0,2,194.7,1,Lost
17066,726.0,1,228.34,1,Lost
17067,724.0,3,454.53999999999996,1,Lost
17068,12.0,47,8987.68,0,Champions
17069,28.0,14,5517.23,0,Champions
17070,114.0,2,437.42,2,New
17071,28.0,13,3793.71,0,Champions
17072,625.0,1,273.35,1,Lost
17073,17.0,4,1446.0900000000001,4,Loyal
17074,562.0,1,203.05,1,Lost
17075,17.0,10,2236.63,4,Loyal
17076,36.0,6,1242.75,4,Loyal
17077,578.0,1,306.0,1,Lost
17078,36.0,2,378.2,2,New
17079,78.0,1,118.80000000000001,2,New
17080,22.0,7,957.53,4,Loyal
17081,25.0,6,949.39,4,Loyal
17082,33.0,6,4732.03,4,Loyal
17083,109.0,9,4049.79,4,Loyal
17084,35.0,3,5001.21,4,Loyal
17085,123.0,28,7847.67,0,Champions
17086,7.0,6,2050.08,4,Loyal
17087,737.0,1,221.53,1,Lost
17088,28.0,4,1991.01,4,Loyal
17089,386.0,1,128.45,1,Lost
17090,4.0,13,3080.1800000000003,0,Champions
17091,2.0,19,7495.75,0,Champions
17092,50.0,11,5511.41,0,Champions
17093,592.0,1,235.88,1,Lost
17094,322.0,2,402.2,3,At Risk
17095,22.0,7,2572.25,4,Loyal
17096,15.0,11,3697.93,0,Champions
17097,2.0,9,1143.36,4,Loyal
17098,381.0,3,591.07,3,At Risk
17099,533.0,1,582.17,1,Lost
17100,18.0,2,971.74,2,New
17101,10.0,7,2507.05,4,Loyal
17102,261.0,1,25.5,1,Lost
17103,722.0,1,424.3,1,Lost
17104,423.0,1,474.03,1,Lost
17105,159.0,2,665.78,2,New
17106,389.0,1,481.58,1,Lost
17107,33.0,10,16052.720000000001,0,Champions
17108,663.0,1,174.95,1,Lost
17109,29.0,8,1291.71,4,Loyal
17110,165.0,3,499.9,2,New
17111,47.0,2,459.58000000000004,2,New
17112,502.0,1,197.57,1,Lost
17113,574.0,6,2305.59,3,At Risk
17114,5.0,8,801.12,4,Loyal
17115,8.0,7,2761.4900000000002,4,Loyal
17116,648.0,1,389.78,1,Lost
17117,288.0,1,116.19999999999999,1,Lost
17118,317.0,1,157.02,1,Lost
17119,3.0,2,606.91,2,New
17120,233.0,1,307.46,2,New
17121,402.0,1,314.74,1,Lost
17122,119.0,4,570.5,2,New
17123,161.0,3,977.1700000000001,4,Loyal
17124,185.0,1,294.24,2,New
17125,50.0,1,230.5,2,New
17126,152.0,9,2016.4299999999998,4,Loyal
17127,428.0,5,1155.0300000000002,3,At Risk
17128,334.0,1,157.09,1,Lost
17129,520.0,1,31.85,1,Lost
17131,5.0,5,2463.17,4,Loyal
17132,452.0,2,1220.9099999999999,3,At Risk
17133,15.0,12,14622.33,0,Champions
17134,106.0,3,625.3,2,New
17135,16.0,10,1722.18,4,Loyal
17136,662.0,1,231.68,1,Lost
17137,416.0,6,1099.81,3,At Risk
17138,275.0,7,4417.27,4,Loyal
17139,15.0,25,19566.760000000002,0,Champions
17140,247.0,1,454.12,2,New
17141,418.0,4,727.58,3,At Risk
17142,239.0,4,1275.25,3,At Risk
17143,417.0,2,880.97,3,At Risk
17144,1.0,2,984.5699999999999,2,New
17145,512.0,4,3120.91,3,At Risk
17146,105.0,13,5852.64,0,Champions
17147,22.0,9,3199.95,4,Loyal
17148,51.0,1,124.88,2,New
17149,451.0,1,143.10000000000002,1,Lost
17150,376.0,6,1357.95,3,At Risk
17151,735.0,1,231.90000000000003,1,Lost
17152,194.0,4,2016.5,4,Loyal
17153,24.0,1,213.78,2,New
17154,75.0,1,329.34,2,New
17155,17.0,7,892.46,4,Loyal
17156,491.0,1,591.87,1,Lost
17157,7.0,19,5151.9,0,Champions
17158,32.0,5,1980.0,4,Loyal
17159,21.0,5,2099.59,4,Loyal
17160,31.0,17,10209.16,0,Champions
17161,444.0,1,856.01,3,At Risk
17162,28.0,10,1715.46,4,Loyal
17163,21.0,4,699.78,4,Loyal
17164,32.0,7,2467.35,4,Loyal
17165,284.0,6,1794.32,3,At Risk
17166,38.0,2,206.34,2,New
17167,379.0,3,867.11,3,At Risk
17168,498.0,1,400.2,1,Lost
17169,57.0,3,1156.73,4,Loyal
17170,374.0,2,178.68,1,Lost
17171,289.0,2,384.59000000000003,3,At Risk
17172,78.0,3,956.5699999999999,4,Loyal
17173,5.0,8,3766.6,4,Loyal
17174,217.0,1,59.9,2,New
17175,44.0,4,1443.69,4,Loyal
17176,201.0,3,902.3199999999999,3,At Risk
17177,505.0,1,119.5,1,Lost
17178,731.0,1,432.96,1,Lost
17179,178.0,6,1507.26,4,Loyal
17180,56.0,11,2236.77,4,Loyal
17181,57.0,3,309.85,2,New
17182,422.0,2,321.3,1,Lost
17183,7.0,6,3347.31,4,Loyal
17184,569.0,2,198.41000000000003,1,Lost
17185,591.0,3,229.45999999999998,1,Lost
17186,46.0,2,144.0,2,New
17187,226.0,2,467.71,2,New
17188,11.0,13,4592.93,0,Champions
17189,106.0,5,953.63,4,Loyal
17190,58.0,7,1726.57,4,Loyal
17191,28.0,15,4310.34,0,Champions
17192,536.0,1,75.28,1,Lost
17193,35.0,9,2310.04,4,Loyal
17194,273.0,3,812.5,3,At Risk
17195,655.0,1,562.98,1,Lost
17196,427.0,1,327.75,1,Lost
17197,29.0,1,1013.01,2,New
17198,23.0,3,692.22,2,New
17199,582.0,1,135.04000000000002,1,Lost
17200,387.0,4,356.71,3,At Risk
17201,53.0,4,1143.1,4,Loyal
17202,420.0,1,160.65,1,Lost
17203,35.0,10,5564.09,0,Champions
17204,175.0,9,5504.6900000000005,4,Loyal
17205,53.0,3,999.3499999999999,4,Loyal
17206,53.0,1,204.24,2,New
17207,652.0,1,292.62,1,Lost
17208,395.0,1,111.15,1,Lost
17209,649.0,3,595.7,3,At Risk
17210,392.0,1,251.72,1,Lost
17211,26.0,13,3773.35,0,Champions
17212,253.0,3,794.41,3,At Risk
17213,40.0,13,4869.4,0,Champions
17214,60.0,6,1059.1200000000001,4,Loyal
17215,464.0,1,186.15,1,Lost
17216,554.0,1,63.6,1,Lost
17217,234.0,2,210.1,2,New
17218,4.0,18,3891.39,0,Champions
17219,31.0,2,259.13,2,New
17220,24.0,21,4457.31,0,Champions
17221,7.0,5,976.62,4,Loyal
17222,65.0,6,1579.51,4,Loyal
17223,310.0,3,558.04,3,At Risk
17224,501.0,1,100.86,1,Lost
17225,581.0,1,131.15,1,Lost
17226,308.0,3,895.47,3,At Risk
17227,18.0,12,1878.93,4,Loyal
17228,15.0,13,2820.03,0,Champions
17229,96.0,2,318.76,2,New
17230,264.0,18,9388.49,0,Champions
17231,12.0,25,7064.8,0,Champions
17232,2.0,2,417.77,2,New
17233,35.0,3,560.86,2,New
17234,182.0,1,149.89,2,New
17235,25.0,8,1562.98,4,Loyal
17236,12.0,12,1929.26,4,Loyal
17237,11.0,4,994.13,4,Loyal
17238,2.0,32,7331.67,0,Champions
17239,312.0,4,1189.45,3,At Risk
17240,596.0,1,130.6,1,Lost
17241,385.0,12,2736.64,3,At Risk
17242,108.0,5,2889.2799999999997,4,Loyal
17243,1.0,69,20203.58,0,Champions
17244,53.0,5,1826.04,4,Loyal
17245,204.0,2,371.63,2,New
17246,546.0,2,38.92,1,Lost
17247,15.0,1,280.09000000000003,2,New
17248,120.0,2,500.53999999999996,2,New
17249,428.0,1,68.03,1,Lost
17250,3.0,2,381.97,2,New
17251,362.0,3,798.98,3,At Risk
17252,116.0,2,348.90999999999997,2,New
17253,18.0,1,178.26,2,New
17254,4.0,3,469.48,2,New
17255,40.0,4,781.7,4,Loyal
17256,107.0,5,498.93,4,Loyal
17257,436.0,2,189.78,1,Lost
17258,396.0,2,417.30000000000007,3,At Risk
17259,148.0,6,1452.39,4,Loyal
17260,411.0,1,120.95,1,Lost
17261,509.0,1,221.59,1,Lost
17262,52.0,11,2488.76,4,Loyal
17263,208.0,1,63.44,2,New
17264,424.0,1,268.28,1,Lost
17265,138.0,2,550.01,2,New
17266,2.0,5,501.72,4,Loyal
17267,127.0,2,317.20000000000005,2,New
17268,107.0,11,1733.8899999999999,4,Loyal
17269,385.0,1,491.81,1,Lost
17270,469.0,2,601.45,3,At Risk
17271,736.0,1,204.3,1,Lost
17272,42.0,4,2148.63,4,Loyal
17273,424.0,1,141.12,1,Lost
17274,35.0,2,573.22,2,New
17275,383.0,1,114.1,1,Lost
17276,402.0,1,502.49,1,Lost
17277,227.0,2,1065.35,3,At Risk
17278,241.0,2,271.24,2,New
17279,57.0,1,187.83,2,New
17280,438.0,1,118.86,1,Lost
17281,374.0,6,797.8499999999999,3,At Risk
17282,130.0,5,2308.54,4,Loyal
17283,378.0,1,188.46,1,Lost
17284,60.0,8,2788.06,4,Loyal
17285,628.0,2,407.94,1,Lost
17286,21.0,3,389.18,2,New
17287,26.0,21,3826.86,0,Champions
17288,9.0,11,2468.43,4,Loyal
17289,31.0,9,2041.8,4,Loyal
17290,3.0,8,1487.96,4,Loyal
17291,308.0,1,550.8000000000001,3,At Risk
17292,472.0,2,271.75,1,Lost
17293,8.0,17,3750.63,0,Champions
17294,669.0,2,467.78999999999996,1,Lost
17295,28.0,3,547.0,2,New
17296,730.0,1,338.13,1,Lost
17297,17.0,1,128.18,2,New
17298,101.0,5,954.26,4,Loyal
17299,11.0,6,993.23,4,Loyal
17300,390.0,2,393.64,3,At Risk
17301,21.0,2,294.39,2,New
17302,14.0,5,1135.63,4,Loyal
17303,361.0,1,250.04,1,Lost
17304,534.0,1,111.5,1,Lost
17305,648.0,1,2135.46,3,At Risk
17306,10.0,21,9782.35,0,Champions
17307,395.0,11,3999.8900000000003,3,At Risk
17308,393.0,2,4511.76,3,At Risk
17309,95.0,3,320.39,2,New
17310,387.0,2,1025.1,3,At Risk
17311,78.0,6,3566.56,4,Loyal
17312,138.0,3,644.3,2,New
17313,31.0,1,2328.84,2,New
17314,24.0,17,4904.43,0,Champions
17315,1.0,43,9599.58,0,Champions
17316,420.0,1,124.45,1,Lost
17317,46.0,3,2600.34,4,Loyal
17318,725.0,1,157.33,1,Lost
17319,669.0,1,29.1,1,Lost
17320,100.0,6,2444.85,4,Loyal
17321,8.0,6,1665.21,4,Loyal
17322,376.0,5,922.59,3,At Risk
17323,15.0,12,1551.04,4,Loyal
17324,17.0,12,2171.07,4,Loyal
17325,280.0,3,609.5699999999999,3,At Risk
17326,408.0,2,312.35,1,Lost
17327,409.0,2,152.35,1,Lost
17328,673.0,1,104.7,1,Lost
17329,14.0,5,998.53,4,Loyal
17330,22.0,4,423.79999999999995,2,New
17331,123.0,1,175.2,2,New
17332,528.0,5,838.27,3,At Risk
17333,85.0,1,494.25,2,New
17334,302.0,3,635.15,3,At Risk
17335,383.0,2,497.04,3,At Risk
17336,472.0,1,81.12,1,Lost
17337,151.0,4,1981.06,4,Loyal
17338,17.0,17,11889.33,0,Champions
17339,94.0,3,302.36,2,New
17340,29.0,18,19617.95,0,Champions
17341,156.0,5,1272.21,4,Loyal
17342,379.0,4,1227.54,3,At Risk
17343,355.0,6,1259.94,3,At Risk
17344,46.0,2,457.36,2,New
17345,15.0,10,1586.63,4,Loyal
17346,3.0,26,4998.61,0,Champions
17347,86.0,1,228.96,2,New
17348,14.0,9,2442.29,4,Loyal
17349,179.0,5,772.41,4,Loyal
17350,8.0,7,1893.701,4,Loyal
17351,36.0,12,1988.23,4,Loyal
17352,696.0,1,36.25,1,Lost
17353,129.0,4,3242.0,4,Loyal
17354,50.0,4,3133.9599999999996,4,Loyal
17355,386.0,1,273.31,1,Lost
17356,311.0,5,946.47,3,At Risk
17357,24.0,2,384.39,2,New
17358,303.0,5,861.01,3,At Risk
17359,11.0,2,284.46,2,New
17360,17.0,6,1200.51,4,Loyal
17361,49.0,5,871.79,4,Loyal
17362,239.0,7,1024.04,4,Loyal
17363,395.0,3,920.46,3,At Risk
17364,0.0,28,11972.92,0,Champions
17365,12.0,15,8184.49,0,Champions
17366,432.0,2,1077.24,3,At Risk
17367,238.0,1,167.55,2,New
17368,23.0,14,2758.29,0,Champions
17369,455.0,1,979.1999999999999,3,At Risk
17370,72.0,4,446.18,2,New
17371,17.0,6,655.37,4,Loyal
17372,40.0,28,4347.31,0,Champions
17373,40.0,7,1167.5,4,Loyal
17374,218.0,3,727.11,3,At Risk
17375,199.0,4,660.55,2,New
17376,70.0,4,453.64,2,New
17377,23.0,78,17644.27,0,Champions
17378,374.0,1,10.95,1,Lost
17379,11.0,1,389.72,2,New
17380,434.0,3,645.0,3,At Risk
17381,8.0,38,36398.65,0,Champions
17382,65.0,8,902.2800000000001,4,Loyal
17383,4.0,2,304.09,2,New
17384,19.0,3,507.55,2,New
17385,14.0,1,256.11,2,New
17386,7.0,7,2812.77,4,Loyal
17387,19.0,2,746.81,2,New
17388,77.0,11,2675.37,4,Loyal
17389,0.0,61,57215.33,0,Champions
17390,420.0,1,149.3,1,Lost
17391,163.0,2,508.8,2,New
17392,306.0,3,585.92,3,At Risk
17393,410.0,2,381.15,3,At Risk
17394,219.0,1,203.86999999999998,2,New
17395,508.0,1,97.5,1,Lost
17396,39.0,14,8409.6,0,Champions
17397,22.0,3,1198.28,4,Loyal
17398,114.0,3,653.38,2,New
17400,126.0,8,4623.28,4,Loyal
17401,541.0,1,114.85,1,Lost
17402,4.0,23,4635.5599999999995,0,Champions
17403,36.0,2,382.87,2,New
17404,4.0,23,47781.12,0,Champions
17405,1.0,3,1031.41,4,Loyal
17406,333.0,13,4186.95,0,Champions
17407,411.0,1,552.9,1,Lost
17408,163.0,3,316.09000000000003,2,New
17409,184.0,10,7793.51,0,Champions
17410,16.0,5,1214.72,4,Loyal
17411,12.0,5,1425.38,4,Loyal
17412,2.0,16,4220.22,0,Champions
17413,404.0,2,560.14,3,At Risk
17414,43.0,6,2249.52,4,Loyal
17415,79.0,1,507.84,2,New
17416,29.0,22,17298.45,0,Champions
17417,548.0,1,164.18,1,Lost
17418,42.0,3,670.06,2,New
17419,11.0,18,6126.25,0,Champions
17420,50.0,6,953.58,4,Loyal
17421,386.0,3,1059.41,3,At Risk
17422,16.0,11,3594.76,4,Loyal
17423,46.0,3,1118.95,4,Loyal
17425,19.0,2,759.1700000000001,2,New
17426,8.0,13,8077.77,0,Champions
17427,71.0,1,100.8,2,New
17428,0.0,45,31466.760000000002,0,Champions
17429,128.0,5,1357.46,4,Loyal
17430,32.0,4,622.5699999999999,4,Loyal
17431,313.0,1,403.3,1,Lost
17432,18.0,9,1728.99,4,Loyal
17433,88.0,2,569.96,2,New
17434,2.0,7,2373.82,4,Loyal
17435,411.0,1,331.35,1,Lost
17436,1.0,5,534.06,4,Loyal
17437,529.0,1,369.68,1,Lost
17438,253.0,5,1422.7700000000002,3,At Risk
17439,655.0,1,325.74,1,Lost
17440,156.0,4,323.58,2,New
17441,732.0,1,293.35,1,Lost
17442,36.0,15,4620.3,0,Champions
17443,219.0,1,534.24,2,New
17444,147.0,3,2940.04,4,Loyal
17446,176.0,2,120.9,2,New
17447,40.0,2,541.53,2,New
17448,497.0,46,14523.67,0,Champions
17449,2.0,13,4868.15,0,Champions
17450,8.0,51,244784.25,0,Champions
17451,1.0,7,1721.4,4,Loyal
17453,17.0,2,486.7199999999999,2,New
17454,192.0,10,1547.94,4,Loyal
17455,203.0,1,131.7,2,New
17456,365.0,2,975.5600000000001,3,At Risk
17457,126.0,14,5984.8099999999995,0,Champions
17458,15.0,2,529.58,2,New
17459,43.0,2,657.3,2,New
17460,94.0,16,2157.9700000000003,0,Champions
17461,22.0,3,735.82,2,New
17462,60.0,2,675.69,2,New
17463,16.0,7,2535.26,4,Loyal
17464,158.0,3,907.14,2,New
17465,425.0,7,2542.79,3,At Risk
17466,10.0,2,763.28,2,New
17467,395.0,1,102.6,1,Lost
17468,10.0,3,194.8,2,New
17469,16.0,17,5051.25,0,Champions
17470,44.0,11,2626.47,4,Loyal
17471,474.0,1,321.65000000000003,1,Lost
17472,191.0,4,922.35,4,Loyal
17473,408.0,2,607.0,3,At Risk
17474,599.0,1,1047.0,1,Lost
17475,79.0,1,194.37,2,New
17476,395.0,2,489.86,3,At Risk
17477,612.0,2,1144.3,3,At Risk
17478,408.0,2,1272.8000000000002,3,At Risk
17479,632.0,1,389.26,1,Lost
17480,77.0,2,882.23,2,New
17481,3.0,4,1255.59,4,Loyal
17482,487.0,2,775.6400000000001,3,At Risk
17483,65.0,4,591.73,2,New
17484,576.0,2,209.57,1,Lost
17486,261.0,1,396.87,2,New
17487,728.0,1,160.55,1,Lost
17488,641.0,1,336.5,1,Lost
17489,58.0,2,376.64,2,New
17490,0.0,9,2750.5,4,Loyal
17491,1.0,17,5653.67,0,Champions
17492,248.0,3,1122.42,3,At Risk
17493,385.0,1,100.91000000000001,1,Lost
17494,501.0,1,54.699999999999996,1,Lost
17495,7.0,3,806.72,2,New
17496,358.0,4,1412.89,3,At Risk
17497,390.0,2,287.25,1,Lost
17498,75.0,1,272.22,2,New
17499,289.0,2,1341.3899999999999,3,At Risk
17500,17.0,3,1138.0,4,Loyal
17501,220.0,2,288.6,2,New
17502,9.0,4,689.1,4,Loyal
17503,2.0,2,558.96,2,New
17504,206.0,18,9490.17,0,Champions
17505,161.0,5,2435.48,4,Loyal
17506,75.0,1,302.2,2,New
17507,261.0,2,605.5799999999999,3,At Risk
17508,280.0,8,4579.23,4,Loyal
17509,57.0,8,6083.64,4,Loyal
17510,24.0,2,514.5600000000001,2,New
17511,2.0,60,172132.87,0,Champions
17512,28.0,18,5467.820000000001,0,Champions
17513,72.0,3,1158.8000000000002,4,Loyal
17514,128.0,2,522.0,2,New
17515,31.0,9,1602.51,4,Loyal
17516,15.0,6,947.5,4,Loyal
17517,308.0,1,153.94,1,Lost
17518,425.0,2,329.42,1,Lost
17519,17.0,15,4774.17,0,Champions
17520,53.0,1,546.81,2,New
17521,29.0,5,1278.06,4,Loyal
17522,1.0,5,1070.71,4,Loyal
17523,11.0,4,652.74,4,Loyal
17524,361.0,3,539.14,3,At Risk
17525,359.0,3,1161.9,3,At Risk
17526,4.0,12,3939.24,0,Champions
17527,53.0,4,939.37,4,Loyal
17528,1.0,8,3628.5,4,Loyal
17529,610.0,2,1240.25,3,At Risk
17530,1.0,12,2791.69,4,Loyal
17531,190.0,3,1266.82,4,Loyal
17532,385.0,1,65.34,1,Lost
17533,434.0,1,34.8,1,Lost
17534,53.0,5,1668.83,4,Loyal
17535,280.0,1,164.4,2,New
17536,177.0,3,364.83000000000004,2,New
17537,29.0,2,887.6700000000001,2,New
17538,25.0,1,98.42,2,New
17539,617.0,4,1176.84,3,At Risk
17540,24.0,6,1590.6000000000001,4,Loyal
17541,509.0,1,119.86,1,Lost
17542,269.0,3,340.85,2,New
17543,549.0,1,120.05,1,Lost
17544,390.0,3,944.8199999999999,3,At Risk
17545,43.0,6,1409.86,4,Loyal
17547,375.0,2,727.85,3,At Risk
17548,233.0,4,731.26,3,At Risk
17549,23.0,2,148.86,2,New
17550,197.0,9,2506.64,4,Loyal
17551,359.0,1,290.34,1,Lost
17552,60.0,12,2786.77,4,Loyal
17553,129.0,4,3757.6,4,Loyal
17554,1.0,5,1952.45,4,Loyal
17555,19.0,5,1045.74,4,Loyal
17556,205.0,2,300.67,2,New
17557,14.0,4,575.46,2,New
17558,393.0,1,259.17,1,Lost
17559,512.0,1,167.62,1,Lost
17560,94.0,8,1895.8,4,Loyal
17561,19.0,4,703.02,4,Loyal
17562,14.0,7,1122.38,4,Loyal
17563,578.0,2,392.38,1,Lost
17564,24.0,3,454.01,2,New
17565,586.0,1,131.83,1,Lost
17566,8.0,2,869.77,2,New
17567,7.0,9,4838.08,4,Loyal
17568,633.0,1,374.45,1,Lost
17569,332.0,1,344.14,1,Lost
17570,381.0,1,100.0,1,Lost
17571,50.0,5,1630.91,4,Loyal
17572,71.0,10,652.21,4,Loyal
17573,29.0,3,380.6,2,New
17574,242.0,1,185.65,2,New
17575,667.0,1,171.7,1,Lost
17576,8.0,41,8711.95,0,Champions
17577,645.0,2,348.75,1,Lost
17578,218.0,7,1047.33,4,Loyal
17579,4.0,4,753.28,4,Loyal
17580,252.0,5,541.02,3,At Risk
17581,0.0,43,17951.170000000002,0,Champions
17582,236.0,5,1446.95,4,Loyal
17583,560.0,1,135.95,1,Lost
17584,7.0,6,5309.42,4,Loyal
17585,109.0,7,2064.71,4,Loyal
17586,619.0,1,167.4,1,Lost
17587,628.0,1,176.71,1,Lost
17588,100.0,7,2939.55,4,Loyal
17589,60.0,18,13837.939999999999,0,Champions
17590,2.0,3,1468.02,4,Loyal
17591,73.0,8,2339.32,4,Loyal
17592,738.0,1,148.3,1,Lost
17593,3.0,11,8092.32,0,Champions
17594,85.0,4,2497.88,4,Loyal
17595,12.0,2,386.69000000000005,2,New
17596,23.0,13,4491.46,0,Champions
17597,213.0,5,3484.09,4,Loyal
17598,381.0,1,409.98,1,Lost
17599,477.0,1,52.05,1,Lost
17600,17.0,1,161.67000000000002,2,New
17601,239.0,2,413.08,2,New
17602,2.0,14,7354.43,0,Champions
17603,78.0,4,1788.38,4,Loyal
17604,217.0,6,942.38,4,Loyal
17605,590.0,1,160.75,1,Lost
17606,737.0,1,87.30000000000001,1,Lost
17607,376.0,1,333.81,1,Lost
17608,33.0,4,488.06,2,New
17609,40.0,11,1887.9,4,Loyal
17610,540.0,5,1511.94,3,At Risk
17611,7.0,28,8337.53,0,Champions
17612,53.0,18,5394.86,0,Champions
17613,22.0,14,4544.55,0,Champions
17614,57.0,1,386.32,2,New
17615,130.0,6,721.8,4,Loyal
17616,173.0,4,734.4,4,Loyal
17617,558.0,1,385.19,1,Lost
17618,5.0,11,4001.64,0,Champions
17619,312.0,1,214.37,1,Lost
17620,59.0,1,81.44,2,New
17621,21.0,6,3175.12,4,Loyal
17622,597.0,2,1130.21,3,At Risk
17623,32.0,7,2365.77,4,Loyal
17624,14.0,4,1568.63,4,Loyal
17625,18.0,8,5978.9,4,Loyal
17626,602.0,1,254.0,1,Lost
17627,478.0,1,296.36,1,Lost
17628,81.0,1,75.75,2,New
17629,5.0,10,2455.52,4,Loyal
17630,169.0,2,503.6,2,New
17631,1.0,7,998.49,4,Loyal
17633,31.0,7,2057.39,4,Loyal
17634,36.0,9,2358.59,4,Loyal
17635,424.0,3,1265.58,3,At Risk
17636,19.0,1,285.56,2,New
17637,31.0,2,547.06,2,New
17638,647.0,2,842.4,3,At Risk
17639,276.0,6,615.17,3,At Risk
17640,86.0,6,3168.94,4,Loyal
17642,119.0,5,1824.49,4,Loyal
17643,373.0,2,439.70000000000005,3,At Risk
17644,1.0,20,6028.6,0,Champions
17646,219.0,12,3898.79,0,Champions
17647,65.0,3,331.65999999999997,2,New
17648,60.0,5,2216.37,4,Loyal
17649,138.0,3,1578.8899999999999,4,Loyal
17650,21.0,1,166.08,2,New
17651,11.0,16,5703.52,0,Champions
17652,25.0,12,4867.72,0,Champions
17653,36.0,4,1207.5600000000002,4,Loyal
17654,277.0,1,117.55,1,Lost
17655,10.0,9,2976.38,4,Loyal
17656,73.0,5,1674.69,4,Loyal
17657,430.0,1,126.0,1,Lost
17658,25.0,2,595.4200000000001,2,New
17659,17.0,14,3586.99,0,Champions
17660,141.0,2,342.22,2,New
17662,661.0,2,412.92,1,Lost
17663,25.0,17,5175.83,0,Champions
17664,18.0,4,1166.23,4,Loyal
17665,493.0,1,563.1,1,Lost
17666,3.0,5,2047.8,4,Loyal
17667,66.0,9,3950.7,4,Loyal
17668,1.0,2,347.75,2,New
17669,42.0,10,6142.35,0,Champions
17670,227.0,1,205.7,2,New
17671,15.0,5,2009.16,4,Loyal
17672,50.0,7,5778.63,4,Loyal
17673,1.0,13,4173.88,0,Champions
17674,74.0,2,551.04,2,New
17675,1.0,70,37642.48,0,Champions
17676,4.0,10,2448.64,4,Loyal
17677,1.0,54,35058.46,0,Champions
17678,263.0,2,599.76,3,At Risk
17679,52.0,7,3577.61,4,Loyal
17680,23.0,3,497.45000000000005,2,New
17681,597.0,5,731.2,3,At Risk
17682,10.0,11,4065.28,0,Champions
17683,385.0,3,819.01,3,At Risk
17684,43.0,1,239.41,2,New
17685,16.0,12,5454.95,0,Champions
17686,7.0,9,8296.81,0,Champions
17687,420.0,1,432.68,1,Lost
17688,393.0,1,304.2,1,Lost
17689,388.0,2,317.08000000000004,1,Lost
17690,30.0,20,6963.8,0,Champions
17691,358.0,4,637.55,3,At Risk
17692,127.0,12,2975.7999999999997,4,Loyal
17693,137.0,1,200.47,2,New
17694,141.0,3,1695.97,4,Loyal
17695,131.0,5,1746.04,4,Loyal
17696,38.0,27,7679.59,0,Champions
17697,236.0,1,338.95,2,New
17698,260.0,1,154.95,2,New
17699,476.0,2,442.0,1,Lost
17700,16.0,14,6679.97,0,Champions
17701,252.0,1,417.95,2,New
17702,30.0,6,3144.04,4,Loyal
17703,35.0,4,1094.8400000000001,4,Loyal
17704,168.0,2,885.19,2,New
17705,3.0,11,2083.9,4,Loyal
17706,4.0,31,20272.15,0,Champions
17707,185.0,8,609.3000000000001,4,Loyal
17708,187.0,4,884.1800000000001,4,Loyal
17709,169.0,5,671.01,4,Loyal
17710,423.0,1,293.5,1,Lost
17711,10.0,2,385.1,2,New
17712,44.0,1,522.91,2,New
17713,382.0,4,1198.0900000000001,3,At Risk
17714,320.0,5,1410.18,3,At Risk
17715,200.0,2,489.59999999999997,2,New
17716,22.0,24,15956.97,0,Champions
17717,421.0,1,376.92,1,Lost
17718,232.0,2,439.17999999999995,2,New
17719,37.0,15,5396.04,0,Champions
17720,26.0,10,2666.91,4,Loyal
17721,659.0,1,307.21,1,Lost
17722,96.0,5,3520.2200000000003,4,Loyal
17723,127.0,7,3378.4000000000005,4,Loyal
17724,71.0,3,1033.0,4,Loyal
17725,16.0,11,3439.08,4,Loyal
17726,395.0,7,1092.06,3,At Risk
17727,15.0,1,1060.25,2,New
17728,3.0,5,4238.76,4,Loyal
17729,596.0,1,438.65000000000003,1,Lost
17730,3.0,20,7773.8,0,Champions
17731,79.0,6,1708.99,4,Loyal
17732,372.0,8,2166.42,3,At Risk
17733,38.0,2,692.19,2,New
17734,53.0,6,1442.32,4,Loyal
17735,2.0,26,16790.33,0,Champions
17736,9.0,3,377.44,2,New
17737,9.0,2,168.24,2,New
17738,19.0,13,4183.56,0,Champions
17739,11.0,18,7730.59,0,Champions
17740,389.0,6,426.90000000000003,3,At Risk
17741,406.0,2,101.10000000000001,1,Lost
17742,113.0,11,2098.48,4,Loyal
17743,448.0,1,229.2,1,Lost
17744,3.0,7,2649.14,4,Loyal
17745,477.0,2,600.34,3,At Risk
17746,240.0,4,904.1800000000001,3,At Risk
17747,112.0,1,71.4,2,New
17748,527.0,1,358.15,1,Lost
17749,178.0,3,1026.18,4,Loyal
17750,5.0,9,1710.45,4,Loyal
17751,421.0,1,157.86,1,Lost
17752,359.0,1,80.64,1,Lost
17753,464.0,4,382.06,3,At Risk
17754,0.0,13,4451.22,0,Champions
17756,375.0,3,728.75,3,At Risk
17757,1.0,56,9074.05,0,Champions
17758,19.0,12,4964.03,0,Champions
17759,17.0,5,1261.88,4,Loyal
17760,21.0,6,746.39,4,Loyal
17761,32.0,1,712.78,2,New
17762,456.0,1,129.75,1,Lost
17763,263.0,4,86.15,2,New
17764,50.0,5,1513.57,4,Loyal
17765,158.0,4,524.0,2,New
17766,381.0,2,299.61,1,Lost
17767,15.0,2,413.04999999999995,2,New
17768,8.0,7,3292.73,4,Loyal
17769,12.0,17,7053.38,0,Champions
17770,198.0,5,1143.27,4,Loyal
17771,56.0,4,387.40999999999997,2,New
17772,10.0,3,360.75,2,New
17773,514.0,2,575.37,3,At Risk
17774,96.0,9,3273.83,4,Loyal
17775,254.0,1,56.4,1,Lost
17776,386.0,2,330.56,1,Lost
17777,24.0,3,647.56,2,New
17778,661.0,1,197.70000000000002,1,Lost
17779,21.0,3,650.3199999999999,2,New
17780,667.0,3,346.56,1,Lost
17781,159.0,2,188.01999999999998,2,New
17782,382.0,2,679.02,3,At Risk
17783,72.0,3,376.96,2,New
17784,550.0,1,112.86,1,Lost
17785,53.0,3,403.38,2,New
17786,85.0,2,266.85,2,New
17787,152.0,4,1817.54,4,Loyal
17788,73.0,2,1117.9,2,New
17789,281.0,2,397.15,2,New
17790,26.0,20,2779.41,0,Champions
17791,29.0,1,106.1,2,New
17792,467.0,2,368.35,1,Lost
17793,25.0,1,300.34,2,New
17794,686.0,2,147.3,1,Lost
17795,179.0,2,342.83000000000004,2,New
17796,40.0,7,1236.39,4,Loyal
17797,22.0,8,1971.8700000000001,4,Loyal
17798,581.0,1,178.07,1,Lost
17799,22.0,20,6246.93,0,Champions
17800,37.0,9,1187.21,4,Loyal
17801,451.0,3,770.03,3,At Risk
17802,82.0,10,4946.22,0,Champions
17803,392.0,1,184.66,1,Lost
17804,376.0,3,383.78000000000003,3,At Risk
17805,73.0,2,927.03,2,New
17806,11.0,1,546.04,2,New
17807,395.0,3,437.87,3,At Risk
17808,548.0,4,262.64,1,Lost
17809,16.0,20,10085.89,0,Champions
17810,668.0,2,373.15999999999997,1,Lost
17811,4.0,47,9519.8,0,Champions
17812,12.0,7,911.99,4,Loyal
17813,14.0,5,1698.07,4,Loyal
17814,375.0,2,1609.37,3,At Risk
17815,393.0,1,591.96,3,At Risk
17816,36.0,6,96.11,2,New
17817,4.0,6,788.15,4,Loyal
17818,737.0,1,124.78,1,Lost
17819,71.0,12,6021.05,0,Champions
17820,374.0,1,180.60999999999999,1,Lost
17821,406.0,1,334.62,1,Lost
17822,420.0,5,2162.93,3,At Risk
17823,421.0,2,449.25,3,At Risk
17824,51.0,1,298.4,2,New
17825,598.0,4,701.96,3,At Risk
17826,374.0,1,133.34,1,Lost
17827,5.0,6,2376.17,4,Loyal
17828,22.0,4,1820.09,4,Loyal
17829,298.0,5,4756.74,3,At Risk
17830,1.0,3,398.7,2,New
17831,33.0,1,35.400000000000006,2,New
17832,49.0,1,155.37,2,New
17833,723.0,1,338.46,1,Lost
17834,414.0,2,689.6700000000001,3,At Risk
17835,2.0,3,342.24,2,New
17836,47.0,1,110.21,2,New
17837,42.0,8,1541.23,4,Loyal
17838,26.0,13,5604.64,0,Champions
17839,42.0,1,318.15,2,New
17840,443.0,1,175.9,1,Lost
17841,1.0,211,68545.25,0,Champions
17842,602.0,1,430.69,1,Lost
17843,303.0,2,320.4,3,At Risk
17844,106.0,1,51.56,2,New
17845,555.0,4,596.09,3,At Risk
17846,85.0,1,2033.1,2,New
17847,515.0,2,129.69,1,Lost
17848,81.0,30,3559.11,0,Champions
17849,218.0,8,1063.76,4,Loyal
17850,372.0,155,51208.87,0,Champions
17851,422.0,6,1552.35,3,At Risk
17852,11.0,5,657.8100000000001,4,Loyal
17853,407.0,3,1596.29,3,At Risk
17854,185.0,6,1068.5,4,Loyal
17855,372.0,1,208.97,1,Lost
17856,1.0,4,1418.03,4,Loyal
17857,4.0,24,27347.04,0,Champions
17858,5.0,30,12518.65,0,Champions
17859,304.0,1,141.92000000000002,1,Lost
17860,368.0,4,717.39,3,At Risk
17861,3.0,18,5088.29,0,Champions
17862,323.0,4,1254.89,3,At Risk
17863,59.0,12,5360.48,0,Champions
17864,12.0,5,876.5699999999999,4,Loyal
17865,30.0,46,26312.190000000002,0,Champions
17866,142.0,3,1134.95,4,Loyal
17867,30.0,15,1582.0500000000002,4,Loyal
17868,386.0,1,227.15,1,Lost
17869,107.0,7,813.64,4,Loyal
17870,2.0,13,2753.29,0,Champions
17871,204.0,5,1068.95,4,Loyal
17872,381.0,1,235.87,1,Lost
17873,80.0,18,6265.33,0,Champions
17874,185.0,6,683.46,4,Loyal
17875,688.0,1,167.1,1,Lost
17876,399.0,3,3424.02,3,At Risk
17877,170.0,1,237.60999999999999,2,New
17878,43.0,3,1378.93,4,Loyal
17879,173.0,1,178.51999999999998,2,New
17880,364.0,3,824.9200000000001,3,At Risk
17881,304.0,1,133.35,1,Lost
17882,379.0,2,291.56,1,Lost
17883,3.0,7,988.42,4,Loyal
17884,3.0,20,2698.47,0,Champions
17885,12.0,1,156.34,2,New
17886,31.0,6,1572.55,4,Loyal
17887,129.0,1,111.35,2,New
17888,21.0,25,1807.44,0,Champions
17889,212.0,7,746.42,4,Loyal
17890,322.0,2,586.89,3,At Risk
17891,162.0,1,203.85999999999999,2,New
17892,56.0,3,244.1,2,New
17893,225.0,1,107.21,2,New
17894,71.0,18,2304.58,0,Champions
17895,44.0,1,95.45,2,New
17896,23.0,1,256.32,2,New
17897,172.0,9,2099.89,4,Loyal
17898,85.0,4,299.18,2,New
17899,159.0,1,154.54999999999998,2,New
17900,190.0,2,112.19999999999999,2,New
17901,29.0,3,260.08,2,New
17902,546.0,1,216.4,1,Lost
17903,394.0,1,381.09000000000003,1,Lost
17904,21.0,1,181.07,2,New
17905,71.0,13,2178.87,4,Loyal
17906,247.0,1,72.9,2,New
17907,640.0,1,291.76,1,Lost
17908,373.0,5,1142.47,3,At Risk
17909,737.0,1,110.05,1,Lost
17910,726.0,1,261.7,1,Lost
17911,9.0,1,366.23,2,New
17912,310.0,6,374.55,3,At Risk
17913,58.0,14,3429.29,0,Champions
17914,3.0,1,329.36,2,New
17915,551.0,1,225.78,1,Lost
17916,628.0,2,43.870000000000005,1,Lost
17917,45.0,3,335.03,2,New
17918,500.0,3,396.39,3,At Risk
17919,88.0,2,1840.32,4,Loyal
17920,4.0,54,23581.78,0,Champions
17921,64.0,10,2394.36,4,Loyal
17922,543.0,1,170.4,1,Lost
17923,282.0,3,497.0,3,At Risk
17924,11.0,8,3257.7000000000003,4,Loyal
17925,372.0,1,244.08,1,Lost
17926,133.0,5,1035.49,4,Loyal
17927,721.0,1,294.0,1,Lost
17928,45.0,3,341.24,2,New
17929,11.0,12,3082.1,0,Champions
17930,35.0,13,4275.22,0,Champions
17931,134.0,14,3402.24,0,Champions
17932,29.0,3,1331.57,4,Loyal
17933,632.0,1,114.69,1,Lost
17934,51.0,3,1049.15,4,Loyal
17935,138.0,7,686.14,4,Loyal
17936,5.0,1,380.13,2,New
17937,8.0,7,4301.22,4,Loyal
17938,420.0,1,144.29,1,Lost
17939,159.0,1,99.14,2,New
17940,49.0,16,30306.79,0,Champions
17941,130.0,4,1433.28,4,Loyal
17942,7.0,1,77.50000000000001,2,New
17944,423.0,1,74.99,1,Lost
17945,696.0,3,360.35,1,Lost
17946,233.0,2,149.57999999999998,2,New
17947,37.0,1,176.68,2,New
17948,147.0,1,358.56000000000006,2,New
17949,1.0,118,117314.08,0,Champions
17950,72.0,7,1166.29,4,Loyal
17951,39.0,4,1340.5800000000002,4,Loyal
17952,378.0,4,788.46,3,At Risk
17953,540.0,1,159.17000000000002,1,Lost
17954,5.0,19,3804.38,0,Champions
17955,198.0,6,949.9,4,Loyal
17956,249.0,1,12.75,1,Lost
17957,66.0,1,111.68,2,New
17958,116.0,2,973.88,2,New
17959,592.0,1,140.75,1,Lost
17960,171.0,3,135.08,2,New
17961,21.0,100,2866.74,0,Champions
17962,142.0,4,666.96,4,Loyal
17963,471.0,4,643.16,3,At Risk
17964,31.0,2,463.21,2,New
17965,37.0,29,7006.65,0,Champions
17966,37.0,10,1963.9199999999998,4,Loyal
17967,371.0,2,223.42,1,Lost
17968,373.0,4,590.44,3,At Risk
17969,166.0,20,2354.29,0,Champions
17970,211.0,1,562.79,2,New
17971,548.0,1,161.94,1,Lost
17972,241.0,1,135.19,2,New
17973,51.0,1,337.04,2,New
17974,24.0,6,1739.09,4,Loyal
17975,15.0,24,6696.33,0,Champions
17976,372.0,1,321.79,1,Lost
17977,29.0,2,1511.4499999999998,4,Loyal
17978,365.0,4,1159.99,3,At Risk
17979,35.0,4,732.41,4,Loyal
17980,165.0,4,1012.72,4,Loyal
17981,410.0,1,239.12,1,Lost
17982,680.0,1,138.18,1,Lost
17983,395.0,1,171.71,1,Lost
17984,145.0,5,1152.19,4,Loyal
17985,22.0,1,631.35,2,New
17986,56.0,1,20.8,2,New
17987,185.0,5,965.44,4,Loyal
17988,11.0,14,489.54,4,Loyal
17989,379.0,1,207.32999999999998,1,Lost
17990,236.0,6,1527.6100000000001,4,Loyal
17991,225.0,3,300.3,2,New
17992,389.0,1,252.88,1,Lost
17993,617.0,1,225.99,1,Lost
17994,121.0,11,2270.03,4,Loyal
17995,281.0,3,495.48,3,At Risk
17996,379.0,3,482.33000000000004,3,At Risk
17997,74.0,8,1962.46,4,Loyal
17998,380.0,3,639.24,3,At Risk
17999,37.0,3,528.46,2,New
18000,564.0,1,124.25,1,Lost
18001,12.0,6,924.14,4,Loyal
18002,375.0,4,244.37,3,At Risk
18003,376.0,1,353.51,1,Lost
18004,362.0,1,157.92,1,Lost
18005,3.0,2,226.47,2,New
18006,23.0,4,969.51,4,Loyal
18007,392.0,1,215.22,1,Lost
18008,70.0,23,19759.079999999998,0,Champions
18009,235.0,8,2144.23,4,Loyal
18010,256.0,1,174.8,2,New
18011,373.0,2,410.78999999999996,3,At Risk
18012,723.0,1,115.3,1,Lost
18013,155.0,2,187.29000000000002,2,New
18014,28.0,1,162.22,2,New
18015,4.0,1,120.03,2,New
18016,32.0,7,1954.56,4,Loyal
18017,81.0,4,688.0,4,Loyal
18018,108.0,4,297.99,2,New
18019,51.0,1,38.45,2,New
18020,543.0,1,190.48,1,Lost
18021,509.0,2,216.41,1,Lost
18022,35.0,5,1507.25,4,Loyal
18024,152.0,2,389.78,2,New
18025,379.0,6,1177.72,3,At Risk
18026,500.0,2,2074.07,3,At Risk
18027,98.0,1,115.31,2,New
18028,583.0,1,192.05,1,Lost
18029,642.0,1,433.77,1,Lost
18030,4.0,2,230.64999999999998,2,New
18031,378.0,1,451.3,1,Lost
18032,334.0,1,73.5,1,Lost
18033,65.0,1,93.82000000000001,2,New
18034,21.0,3,754.1999999999999,2,New
18035,35.0,5,1260.23,4,Loyal
18036,32.0,11,1545.49,4,Loyal
18037,154.0,15,167.42,4,Loyal
18038,556.0,1,141.48,1,Lost
18039,374.0,4,548.22,3,At Risk
18040,19.0,2,357.2,2,New
18041,11.0,38,8018.7699999999995,0,Champions
18042,53.0,2,281.15,2,New
18043,24.0,3,529.2900000000001,2,New
18044,4.0,18,3505.61,0,Champions
18045,45.0,1,178.34,2,New
18046,649.0,1,189.63,1,Lost
18047,381.0,2,326.09000000000003,1,Lost
18048,203.0,3,394.93,2,New
18049,437.0,2,500.92,3,At Risk
18050,359.0,2,412.06000000000006,3,At Risk
18051,634.0,7,2282.28,3,At Risk
18052,564.0,1,10877.18,3,At Risk
18053,70.0,3,571.0699999999999,2,New
18054,392.0,1,176.5,1,Lost
18055,7.0,14,10142.64,0,Champions
18056,288.0,2,554.5999999999999,3,At Risk
18057,393.0,3,1188.46,3,At Risk
18058,9.0,3,774.06,2,New
18059,23.0,3,306.46,2,New
18060,408.0,2,1185.46,3,At Risk
18061,21.0,28,6083.81,0,Champions
18062,173.0,6,1632.67,4,Loyal
18063,390.0,2,186.60000000000002,1,Lost
18064,133.0,11,4481.83,0,Champions
18065,5.0,29,5866.63,0,Champions
18066,75.0,3,1440.4,4,Loyal
18067,40.0,1,396.33,2,New
18068,289.0,1,101.69999999999999,1,Lost
18069,26.0,11,4464.92,0,Champions
18070,669.0,1,314.1,1,Lost
18071,257.0,6,1169.68,3,At Risk
18072,185.0,1,247.44,2,New
18073,114.0,12,3859.82,0,Champions
18074,373.0,2,1019.44,3,At Risk
18075,23.0,20,5783.29,0,Champions
18076,380.0,1,151.49,1,Lost
18077,8.0,18,4078.79,0,Champions
18078,217.0,4,725.53,3,At Risk
18079,45.0,5,4203.93,4,Loyal
18080,18.0,2,1231.5,2,New
18081,36.0,3,343.45000000000005,2,New
18082,25.0,1,680.84,2,New
18083,397.0,1,463.53,1,Lost
18084,16.0,3,795.23,2,New
18085,330.0,4,1341.8500000000001,3,At Risk
18086,274.0,1,101.34,1,Lost
18087,98.0,17,14761.519999999999,0,Champions
18088,61.0,1,166.03,2,New
18089,446.0,1,428.45,1,Lost
18090,421.0,1,321.9,1,Lost
18091,593.0,1,360.85,1,Lost
18092,2.0,18,14693.720000000001,0,Champions
18093,93.0,8,4452.71,4,Loyal
18094,81.0,13,6391.52,0,Champions
18095,312.0,5,2303.09,3,At Risk
18096,11.0,6,1657.87,4,Loyal
18097,7.0,11,4627.92,0,Champions
18098,396.0,1,527.9399999999999,1,Lost
18099,127.0,1,168.31,2,New
18100,550.0,1,451.56,1,Lost
18101,11.0,5,622.01,4,Loyal
18102,0.0,145,580987.04,0,Champions
18103,549.0,1,105.8,1,Lost
18104,37.0,1,754.64,2,New
18105,37.0,1,113.48,2,New
18106,329.0,6,1441.06,3,At Risk
18107,442.0,1,165.88,1,Lost
18108,254.0,3,848.81,3,At Risk
18109,1.0,38,9555.71,0,Champions
18110,19.0,2,392.28000000000003,2,New
18111,589.0,1,405.85,1,Lost
18112,12.0,4,773.36,4,Loyal
18113,368.0,1,76.32000000000001,1,Lost
18114,290.0,1,220.1,2,New
18115,697.0,1,9.7,1,Lost
18116,67.0,13,2134.4900000000002,4,Loyal
18117,25.0,1,315.65,2,New
18118,10.0,29,6221.02,0,Champions
18119,367.0,1,180.7,1,Lost
18120,214.0,1,111.15,2,New
18121,149.0,2,653.3,2,New
18122,8.0,6,1793.06,4,Loyal
18123,24.0,3,666.64,2,New
18124,472.0,1,102.65,1,Lost
18125,29.0,4,1131.75,4,Loyal
18126,60.0,1,200.92,2,New
18127,19.0,4,556.13,2,New
18128,537.0,1,399.29,1,Lost
18129,243.0,1,112.55,2,New
18130,15.0,3,1059.3899999999999,4,Loyal
18131,631.0,1,222.95999999999998,1,Lost
18132,504.0,1,220.13,1,Lost
18133,212.0,1,931.4999999999999,2,New
18134,598.0,2,445.0,1,Lost
18135,29.0,10,1249.6200000000001,4,Loyal
18136,63.0,5,1631.3600000000001,4,Loyal
18137,551.0,2,145.99,1,Lost
18138,295.0,1,152.65,1,Lost
18139,17.0,6,8438.34,4,Loyal
18140,473.0,1,536.41,1,Lost
18141,401.0,2,882.47,3,At Risk
18142,157.0,2,1019.52,2,New
18143,116.0,2,1000.1600000000001,2,New
18144,7.0,19,4892.95,0,Champions
18145,12.0,11,5609.74,0,Champions
18146,140.0,2,160.35000000000002,2,New
18147,45.0,2,179.33999999999997,2,New
18148,646.0,1,112.85000000000001,1,Lost
18149,50.0,7,1553.96,4,Loyal
18150,32.0,3,566.58,2,New
18151,134.0,6,1879.44,4,Loyal
18152,646.0,1,426.69,1,Lost
18153,659.0,1,246.22,1,Lost
18154,3.0,5,932.5999999999999,4,Loyal
18155,75.0,3,371.62,2,New
18156,12.0,2,675.64,2,New
18157,571.0,1,213.9,1,Lost
18158,9.0,2,453.4,2,New
18159,301.0,1,530.15,3,At Risk
18160,57.0,3,1003.88,4,Loyal
18161,15.0,6,1803.1,4,Loyal
18162,732.0,1,371.51,1,Lost
18163,584.0,1,728.84,1,Lost
18164,37.0,1,399.65000000000003,2,New
18165,177.0,1,302.46000000000004,2,New
18166,623.0,1,175.5,1,Lost
18167,23.0,3,1384.8600000000001,4,Loyal
18168,176.0,16,3435.5,0,Champions
18169,60.0,1,202.65,2,New
18170,33.0,9,2878.0,4,Loyal
18171,58.0,9,2437.31,4,Loyal
18172,14.0,52,17467.24,0,Champions
18173,86.0,5,2696.36,4,Loyal
18174,7.0,2,162.5,2,New
18175,675.0,1,176.1,1,Lost
18176,358.0,1,476.35,1,Lost
18177,31.0,9,2216.32,4,Loyal
18178,128.0,11,6103.74,0,Champions
18179,9.0,8,2547.55,4,Loyal
18180,4.0,6,1843.75,4,Loyal
18181,24.0,5,1188.3400000000001,4,Loyal
18182,463.0,1,291.13,1,Lost
18183,227.0,2,632.07,2,New
18184,15.0,1,49.8,2,New
18185,249.0,1,304.25,2,New
18186,722.0,1,329.58,1,Lost
18187,631.0,1,724.89,1,Lost
18188,15.0,6,3280.59,4,Loyal
18189,77.0,3,1403.73,4,Loyal
18190,192.0,5,745.62,4,Loyal
18191,261.0,2,529.4,2,New
18192,71.0,1,957.97,2,New
18193,165.0,3,1207.35,4,Loyal
18194,82.0,6,4162.04,4,Loyal
18195,387.0,1,101.16,1,Lost
18196,95.0,4,1457.19,4,Loyal
18197,575.0,1,230.1,1,Lost
18198,4.0,17,5425.56,0,Champions
18199,683.0,1,344.75,1,Lost
18200,106.0,1,150.35,2,New
18201,722.0,1,447.53000000000003,1,Lost
18202,199.0,3,1396.99,4,Loyal
18203,157.0,4,492.52,2,New
18204,71.0,3,1975.35,4,Loyal
18205,36.0,2,517.36,2,New
18206,553.0,1,314.65999999999997,1,Lost
18207,499.0,1,544.47,1,Lost
18208,565.0,1,360.08,1,Lost
18209,28.0,1,139.10000000000002,2,New
18210,1.0,7,2768.83,4,Loyal
18211,25.0,5,600.07,4,Loyal
18212,326.0,2,514.37,3,At Risk
18213,236.0,1,232.48000000000002,2,New
18214,530.0,4,1780.34,3,At Risk
18215,89.0,5,2232.4900000000002,4,Loyal
18216,31.0,1,481.75,2,New
18217,29.0,4,945.0400000000001,4,Loyal
18218,211.0,4,1121.84,4,Loyal
18219,2.0,17,3352.7,0,Champions
18220,226.0,6,1921.76,4,Loyal
18221,22.0,6,1424.94,4,Loyal
18222,92.0,1,443.0,2,New
18223,4.0,26,14000.85,0,Champions
18224,263.0,1,158.95000000000002,2,New
18225,3.0,26,13014.8,0,Champions
18226,44.0,26,11878.880000000001,0,Champions
18227,217.0,2,388.75,2,New
18228,56.0,2,779.9,2,New
18229,11.0,28,10150.51,0,Champions
18230,9.0,9,4291.06,4,Loyal
18231,192.0,28,6854.17,0,Champions
18232,81.0,4,592.97,2,New
18233,325.0,1,440.0,1,Lost
18234,551.0,1,179.6,1,Lost
18235,71.0,3,1796.48,4,Loyal
18236,29.0,12,1795.3500000000001,4,Loyal
18237,2.0,5,987.0999999999999,4,Loyal
18238,515.0,1,270.92,1,Lost
18239,218.0,6,1712.26,4,Loyal
18240,46.0,1,422.58,2,New
18241,9.0,21,2986.9900000000002,0,Champions
18242,72.0,8,3605.21,4,Loyal
18243,414.0,1,515.78,1,Lost
18244,430.0,2,568.64,3,At Risk
18245,7.0,20,6324.9800000000005,0,Champions
18246,23.0,3,758.8199999999999,2,New
18247,414.0,3,839.73,3,At Risk
18248,122.0,2,804.02,2,New
18249,17.0,1,95.34,2,New
18250,310.0,1,349.27,1,Lost
18251,87.0,9,26278.86,0,Champions
18252,50.0,7,1533.69,4,Loyal
18253,642.0,1,317.88,1,Lost
18254,581.0,1,267.9,1,Lost
18255,89.0,2,303.15,2,New
18256,387.0,1,110.7,1,Lost
18257,39.0,12,4600.15,0,Champions
18258,464.0,6,2059.67,3,At Risk
18259,24.0,7,3941.9000000000005,4,Loyal
18260,172.0,23,9947.26,0,Champions
18261,43.0,2,324.24,2,New
18262,140.0,3,577.54,2,New
18263,25.0,3,1213.1599999999999,4,Loyal
18264,498.0,1,603.25,1,Lost
18265,72.0,2,801.51,2,New
18266,434.0,1,251.1,1,Lost
18267,672.0,1,269.37,1,Lost
18268,134.0,6,1490.23,4,Loyal
18269,366.0,1,168.6,1,Lost
18270,38.0,3,444.55,2,New
18271,609.0,2,680.85,1,Lost
18272,2.0,9,4385.9800000000005,4,Loyal
18273,2.0,4,357.0,2,New
18274,30.0,1,175.92,2,New
18275,578.0,2,741.85,3,At Risk
18276,43.0,6,1656.52,4,Loyal
18277,58.0,5,1180.05,4,Loyal
18278,73.0,2,414.20000000000005,2,New
18279,519.0,1,231.33999999999997,1,Lost
18280,277.0,2,488.15000000000003,3,At Risk
18281,180.0,2,201.14,2,New
18282,7.0,2,178.05,2,New
18283,3.0,22,2664.9,0,Champions
18284,431.0,1,461.68,1,Lost
18285,660.0,1,427.0,1,Lost
18286,476.0,2,1296.43,3,At Risk
18287,42.0,7,4182.99,4,Loyal
